,Date,Units sold
0,2019-12-01T00:00:00.000,266.45808463017886
1,2019-12-02T00:00:00.000,604.4580846301789
2,2019-12-03T00:00:00.000,959.4580846301789
3,2019-12-04T00:00:00.000,1337.458084630179
4,2019-12-05T00:00:00.000,1703.458084630179
5,2019-12-06T00:00:00.000,2103.4580846301787
6,2019-12-07T00:00:00.000,2366.4580846301787
7,2019-12-08T00:00:00.000,2612.4580846301787
8,2019-12-09T00:00:00.000,3044.4580846301787
9,2019-12-10T00:00:00.000,3575.4580846301787
10,2019-12-11T00:00:00.000,4060.4580846301787
11,2019-12-12T00:00:00.000,4905.458084630179
12,2019-12-13T00:00:00.000,5343.458084630179
13,2019-12-14T00:00:00.000,5611.458084630179
14,2019-12-15T00:00:00.000,5924.458084630179
15,2019-12-16T00:00:00.000,6435.458084630179
16,2019-12-17T00:00:00.000,6947.458084630179
17,2019-12-18T00:00:00.000,7464.458084630179
18,2019-12-19T00:00:00.000,7844.458084630179
19,2019-12-20T00:00:00.000,8187.458084630179
20,2019-12-21T00:00:00.000,8438.45808463018
21,2019-12-22T00:00:00.000,8771.45808463018
22,2019-12-23T00:00:00.000,9085.45808463018
23,2019-12-24T00:00:00.000,9392.45808463018
24,2019-12-25T00:00:00.000,9655.45808463018
25,2019-12-26T00:00:00.000,10045.45808463018
26,2020-01-10T00:00:00.000,10120.45808463018
27,2020-01-09T00:00:00.000,10158.45808463018
28,2020-01-11T00:00:00.000,10223.45808463018
29,2020-01-15T00:00:00.000,10265.45808463018
30,2020-01-16T00:00:00.000,10279.45808463018
31,2019-12-27T00:00:00.000,10295.45808463018
32,2020-01-14T00:00:00.000,10354.45808463018
33,2020-01-12T00:00:00.000,10412.45808463018
34,2020-01-13T00:00:00.000,10417.45808463018
35,2019-12-28T00:00:00.000,10451.45808463018
36,2020-01-19T00:00:00.000,10452.45808463018
37,2020-01-17T00:00:00.000,10468.45808463018
38,2020-01-18T00:00:00.000,10489.45808463018
39,2019-12-29T00:00:00.000,10499.45808463018
40,2020-01-01T00:00:00.000,10546.45808463018
41,2019-12-30T00:00:00.000,10549.45808463018
42,2020-01-02T00:00:00.000,10583.45808463018
43,2020-01-03T00:00:00.000,10585.45808463018
44,2020-01-08T00:00:00.000,10603.45808463018
45,2019-12-31T00:00:00.000,10619.45808463018
46,2020-01-04T00:00:00.000,10645.45808463018
47,2020-01-07T00:00:00.000,10652.45808463018
48,2020-01-20T00:00:00.000,10658.45808463018
49,2020-01-05T00:00:00.000,10732.45808463018
50,2020-01-06T00:00:00.000,10756.45808463018
51,2020-01-21T00:00:00.000,10833.45808463018
52,2020-01-22T00:00:00.000,11014.45808463018
53,2020-01-23T00:00:00.000,11210.45808463018
54,2020-01-24T00:00:00.000,11656.45808463018
55,2020-01-25T00:00:00.000,11957.45808463018
56,2020-01-26T00:00:00.000,12036.45808463018
57,2020-01-27T00:00:00.000,12357.45808463018
58,2020-01-28T00:00:00.000,14647.45808463018
59,2020-03-06T00:00:00.000,14981.45808463018
60,2020-03-07T00:00:00.000,15000.45808463018
61,2020-03-05T00:00:00.000,15024.45808463018
62,2020-03-08T00:00:00.000,15034.45808463018
63,2020-03-04T00:00:00.000,15076.45808463018
64,2020-03-09T00:00:00.000,15113.45808463018
65,2020-01-29T00:00:00.000,15143.45808463018
66,2020-03-03T00:00:00.000,15180.45808463018
67,2020-03-02T00:00:00.000,15271.45808463018
68,2020-01-30T00:00:00.000,15380.45808463018
69,2020-03-01T00:00:00.000,15454.45808463018
70,2020-01-31T00:00:00.000,15458.45808463018
71,2020-03-10T00:00:00.000,15490.45808463018
72,2020-02-26T00:00:00.000,15549.45808463018
73,2020-02-29T00:00:00.000,15606.45808463018
74,2020-02-01T00:00:00.000,15622.45808463018
75,2020-02-02T00:00:00.000,15672.45808463018
76,2020-02-27T00:00:00.000,15681.45808463018
77,2020-02-25T00:00:00.000,15737.45808463018
78,2020-02-28T00:00:00.000,15845.45808463018
79,2020-02-03T00:00:00.000,15940.45808463018
80,2020-03-11T00:00:00.000,16073.45808463018
81,2020-02-04T00:00:00.000,16327.45808463018
82,2020-03-12T00:00:00.000,16334.45808463018
83,2020-02-05T00:00:00.000,16610.45808463018
84,2020-02-06T00:00:00.000,16826.45808463018
85,2020-03-13T00:00:00.000,17006.45808463018
86,2020-02-09T00:00:00.000,17021.45808463018
87,2020-02-07T00:00:00.000,17058.45808463018
88,2020-02-08T00:00:00.000,17093.45808463018
89,2020-02-10T00:00:00.000,17185.45808463018
90,2020-02-11T00:00:00.000,17308.45808463018
91,2020-02-12T00:00:00.000,17509.45808463018
92,2020-02-14T00:00:00.000,17628.45808463018
93,2020-02-13T00:00:00.000,17638.45808463018
94,2020-02-24T00:00:00.000,17704.45808463018
95,2020-02-15T00:00:00.000,17835.45808463018
96,2020-02-17T00:00:00.000,17932.45808463018
97,2020-02-23T00:00:00.000,17951.45808463018
98,2020-02-16T00:00:00.000,17967.45808463018
99,2020-02-22T00:00:00.000,17971.45808463018
100,2020-02-18T00:00:00.000,17988.45808463018
101,2020-02-21T00:00:00.000,18021.45808463018
102,2020-02-19T00:00:00.000,18105.45808463018
103,2020-02-20T00:00:00.000,18129.45808463018
104,2020-03-14T00:00:00.000,18602.45808463018
105,2020-03-15T00:00:00.000,21072.45808463018
106,2020-03-16T00:00:00.000,27262.45808463018
107,2020-03-17T00:00:00.000,38968.458084630176
108,2020-03-18T00:00:00.000,46552.458084630176
109,2020-03-19T00:00:00.000,54256.458084630176
110,2020-08-11T00:00:00.000,56372.458084630176
111,2020-08-12T00:00:00.000,56626.458084630176
112,2020-09-15T00:00:00.000,57049.458084630176
113,2020-07-13T00:00:00.000,57423.458084630176
114,2020-07-12T00:00:00.000,57499.458084630176
115,2020-09-10T00:00:00.000,57584.458084630176
116,2020-09-11T00:00:00.000,57661.458084630176
117,2020-09-16T00:00:00.000,57670.458084630176
118,2020-08-10T00:00:00.000,57727.458084630176
119,2020-07-11T00:00:00.000,57753.458084630176
120,2020-07-18T00:00:00.000,57848.458084630176
121,2020-07-17T00:00:00.000,57947.458084630176
122,2020-07-10T00:00:00.000,57992.458084630176
123,2020-09-02T00:00:00.000,58013.458084630176
124,2020-07-20T00:00:00.000,58017.458084630176
125,2020-08-24T00:00:00.000,58027.458084630176
126,2020-09-03T00:00:00.000,58033.458084630176
127,2020-07-09T00:00:00.000,58049.458084630176
128,2020-07-08T00:00:00.000,58055.458084630176
129,2020-09-01T00:00:00.000,58069.458084630176
130,2020-07-19T00:00:00.000,58094.458084630176
131,2020-08-09T00:00:00.000,58101.458084630176
132,2020-08-08T00:00:00.000,58113.458084630176
133,2020-08-26T00:00:00.000,58120.458084630176
134,2020-08-23T00:00:00.000,58227.458084630176
135,2020-07-16T00:00:00.000,58233.458084630176
136,2020-08-27T00:00:00.000,58261.458084630176
137,2020-08-25T00:00:00.000,58268.458084630176
138,2020-09-17T00:00:00.000,58301.458084630176
139,2020-08-07T00:00:00.000,58314.458084630176
140,2020-09-12T00:00:00.000,58347.458084630176
141,2020-07-14T00:00:00.000,58364.458084630176
142,2020-08-22T00:00:00.000,58373.458084630176
143,2020-09-13T00:00:00.000,58422.458084630176
144,2020-07-15T00:00:00.000,58463.458084630176
145,2020-09-04T00:00:00.000,58483.458084630176
146,2020-08-31T00:00:00.000,58491.458084630176
147,2020-08-21T00:00:00.000,58550.458084630176
148,2020-08-30T00:00:00.000,58566.458084630176
149,2020-07-07T00:00:00.000,58577.458084630176
150,2020-08-06T00:00:00.000,58657.458084630176
151,2020-07-27T00:00:00.000,58684.458084630176
152,2020-08-29T00:00:00.000,58698.458084630176
153,2020-07-21T00:00:00.000,58705.458084630176
154,2020-07-06T00:00:00.000,58750.458084630176
155,2020-08-20T00:00:00.000,58819.458084630176
156,2020-09-18T00:00:00.000,58833.458084630176
157,2020-08-05T00:00:00.000,58837.458084630176
158,2020-07-26T00:00:00.000,58845.458084630176
159,2020-08-17T00:00:00.000,58896.458084630176
160,2020-07-31T00:00:00.000,58899.458084630176
161,2020-08-28T00:00:00.000,58925.458084630176
162,2020-09-05T00:00:00.000,58944.458084630176
163,2020-09-19T00:00:00.000,58976.458084630176
164,2020-09-14T00:00:00.000,59018.458084630176
165,2020-07-30T00:00:00.000,59080.458084630176
166,2020-07-28T00:00:00.000,59106.458084630176
167,2020-08-02T00:00:00.000,59168.458084630176
168,2020-08-16T00:00:00.000,59190.458084630176
169,2020-09-06T00:00:00.000,59196.458084630176
170,2020-08-01T00:00:00.000,59224.458084630176
171,2020-07-25T00:00:00.000,59263.458084630176
172,2020-08-19T00:00:00.000,59301.458084630176
173,2020-08-03T00:00:00.000,59331.458084630176
174,2020-07-29T00:00:00.000,59366.458084630176
175,2020-08-04T00:00:00.000,59366.458084630176
176,2020-09-07T00:00:00.000,59400.458084630176
177,2020-09-20T00:00:00.000,59579.458084630176
178,2020-08-15T00:00:00.000,59601.458084630176
179,2020-09-08T00:00:00.000,59667.458084630176
180,2020-07-05T00:00:00.000,59694.458084630176
181,2020-07-22T00:00:00.000,59808.458084630176
182,2020-07-24T00:00:00.000,59837.458084630176
183,2020-07-23T00:00:00.000,60110.458084630176
184,2020-08-18T00:00:00.000,60140.458084630176
185,2020-08-13T00:00:00.000,60223.458084630176
186,2020-08-14T00:00:00.000,60363.458084630176
187,2020-09-09T00:00:00.000,60786.458084630176
188,2020-09-21T00:00:00.000,61715.458084630176
189,2020-03-20T00:00:00.000,62558.458084630176
190,2020-06-05T00:00:00.000,62945.458084630176
191,2020-07-04T00:00:00.000,63157.458084630176
192,2020-10-12T00:00:00.000,63168.458084630176
193,2020-10-11T00:00:00.000,63271.458084630176
194,2020-10-10T00:00:00.000,63447.458084630176
195,2020-09-26T00:00:00.000,63471.458084630176
196,2020-09-25T00:00:00.000,63500.458084630176
197,2020-09-24T00:00:00.000,63659.458084630176
198,2020-09-23T00:00:00.000,63700.458084630176
199,2020-09-22T00:00:00.000,63826.458084630176
200,2020-10-14T00:00:00.000,63837.458084630176
201,2020-10-20T00:00:00.000,63926.458084630176
202,2020-10-13T00:00:00.000,63955.458084630176
203,2020-09-27T00:00:00.000,64098.458084630176
204,2020-10-08T00:00:00.000,64102.458084630176
205,2020-10-09T00:00:00.000,64148.458084630176
206,2020-06-04T00:00:00.000,64427.458084630176
207,2020-10-15T00:00:00.000,64443.458084630176
208,2020-10-07T00:00:00.000,64449.458084630176
209,2020-10-04T00:00:00.000,64488.458084630176
210,2020-09-28T00:00:00.000,64540.458084630176
211,2020-10-03T00:00:00.000,64576.458084630176
212,2020-10-02T00:00:00.000,64758.458084630176
213,2020-09-29T00:00:00.000,64841.458084630176
214,2020-10-01T00:00:00.000,64885.458084630176
215,2020-10-21T00:00:00.000,64915.458084630176
216,2020-09-30T00:00:00.000,65002.458084630176
217,2020-10-16T00:00:00.000,65280.458084630176
218,2020-10-19T00:00:00.000,65371.458084630176
219,2020-10-05T00:00:00.000,65810.45808463018
220,2020-10-17T00:00:00.000,65919.45808463018
221,2020-10-22T00:00:00.000,66064.45808463018
222,2020-10-18T00:00:00.000,66085.45808463018
223,2020-10-06T00:00:00.000,66095.45808463018
224,2020-06-03T00:00:00.000,66334.45808463018
225,2020-06-06T00:00:00.000,66689.45808463018
226,2020-07-03T00:00:00.000,67508.45808463018
227,2020-10-23T00:00:00.000,67550.45808463018
228,2020-10-24T00:00:00.000,68079.45808463018
229,2020-07-02T00:00:00.000,68105.45808463018
230,2020-07-01T00:00:00.000,68490.45808463018
231,2020-10-25T00:00:00.000,68766.45808463018
232,2020-06-30T00:00:00.000,69368.45808463018
233,2020-06-08T00:00:00.000,69405.45808463018
234,2020-06-09T00:00:00.000,69428.45808463018
235,2020-06-07T00:00:00.000,69604.45808463018
236,2020-05-26T00:00:00.000,69689.45808463018
237,2020-06-28T00:00:00.000,69982.45808463018
238,2020-06-29T00:00:00.000,70045.45808463018
239,2020-06-27T00:00:00.000,70137.45808463018
240,2020-05-25T00:00:00.000,70208.45808463018
241,2020-03-21T00:00:00.000,70211.45808463018
242,2020-05-28T00:00:00.000,70420.45808463018
243,2020-05-27T00:00:00.000,70686.45808463018
244,2020-06-12T00:00:00.000,70784.45808463018
245,2020-06-13T00:00:00.000,70868.45808463018
246,2020-06-10T00:00:00.000,70895.45808463018
247,2020-06-14T00:00:00.000,70917.45808463018
248,2020-06-11T00:00:00.000,71013.45808463018
249,2020-06-26T00:00:00.000,71076.45808463018
250,2020-06-15T00:00:00.000,71178.45808463018
251,2020-06-16T00:00:00.000,71283.45808463018
252,2020-06-02T00:00:00.000,71347.45808463018
253,2020-05-29T00:00:00.000,71510.45808463018
254,2020-06-17T00:00:00.000,71599.45808463018
255,2020-06-01T00:00:00.000,71749.45808463018
256,2020-05-24T00:00:00.000,71928.45808463018
257,2020-06-25T00:00:00.000,72078.45808463018
258,2020-10-26T00:00:00.000,72252.45808463018
259,2020-06-18T00:00:00.000,72336.45808463018
260,2020-05-31T00:00:00.000,72441.45808463018
261,2020-06-24T00:00:00.000,72489.45808463018
262,2020-06-19T00:00:00.000,72632.45808463018
263,2020-05-30T00:00:00.000,72687.45808463018
264,2020-05-23T00:00:00.000,73156.45808463018
265,2020-06-20T00:00:00.000,73304.45808463018
266,2020-06-21T00:00:00.000,73456.45808463018
267,2020-05-22T00:00:00.000,73765.45808463018
268,2020-06-23T00:00:00.000,73920.45808463018
269,2020-10-27T00:00:00.000,73973.45808463018
270,2020-06-22T00:00:00.000,74008.45808463018
271,2020-05-21T00:00:00.000,74306.45808463018
272,2020-05-20T00:00:00.000,75831.45808463018
273,2020-05-19T00:00:00.000,76756.45808463018
274,2020-10-28T00:00:00.000,76877.45808463018
275,2020-03-22T00:00:00.000,77920.45808463018
276,2020-10-29T00:00:00.000,78016.45808463018
277,2020-05-18T00:00:00.000,78390.45808463018
278,2020-10-30T00:00:00.000,78893.45808463018
279,2020-10-31T00:00:00.000,79394.45808463018
280,2020-11-01T00:00:00.000,79681.45808463018
281,2020-11-02T00:00:00.000,80850.45808463018
282,2020-05-17T00:00:00.000,81238.45808463018
283,2020-05-16T00:00:00.000,82391.45808463018
284,2020-11-03T00:00:00.000,83013.45808463018
285,2020-05-15T00:00:00.000,83232.45808463018
286,2020-11-04T00:00:00.000,84082.45808463018
287,2020-05-14T00:00:00.000,84616.45808463018
288,2020-11-05T00:00:00.000,84908.45808463018
289,2020-11-06T00:00:00.000,85147.45808463018
290,2020-12-01T00:00:00.000,85419.45808463018
291,2020-11-07T00:00:00.000,85425.45808463018
292,2020-03-23T00:00:00.000,85598.45808463018
293,2020-12-02T00:00:00.000,85777.45808463018
294,2020-11-08T00:00:00.000,85887.45808463018
295,2020-11-30T00:00:00.000,86125.45808463018
296,2020-11-25T00:00:00.000,86252.45808463018
297,2020-11-26T00:00:00.000,86599.45808463018
298,2020-11-27T00:00:00.000,86623.45808463018
299,2020-11-28T00:00:00.000,86649.45808463018
300,2020-11-09T00:00:00.000,86711.45808463018
301,2020-05-13T00:00:00.000,86720.45808463018
302,2020-11-29T00:00:00.000,86758.45808463018
303,2020-12-03T00:00:00.000,86862.45808463018
304,2020-11-10T00:00:00.000,87010.45808463018
305,2020-11-11T00:00:00.000,87092.45808463018
306,2020-11-24T00:00:00.000,87318.45808463018
307,2020-11-12T00:00:00.000,87421.45808463018
308,2020-11-23T00:00:00.000,87583.45808463018
309,2020-12-04T00:00:00.000,87637.45808463018
310,2020-11-16T00:00:00.000,87749.45808463018
311,2020-11-14T00:00:00.000,87881.45808463018
312,2020-11-15T00:00:00.000,87934.45808463018
313,2020-12-05T00:00:00.000,87948.45808463018
314,2020-11-13T00:00:00.000,88148.45808463018
315,2020-12-06T00:00:00.000,88227.45808463018
316,2020-11-17T00:00:00.000,88362.45808463018
317,2020-12-07T00:00:00.000,89284.45808463018
318,2020-05-12T00:00:00.000,89508.45808463018
319,2020-11-18T00:00:00.000,89791.45808463018
320,2020-12-08T00:00:00.000,89868.45808463018
321,2020-11-22T00:00:00.000,90306.45808463018
322,2020-12-09T00:00:00.000,90721.45808463018
323,2020-12-11T00:00:00.000,90777.45808463018
324,2020-11-20T00:00:00.000,90858.45808463018
325,2020-11-19T00:00:00.000,90917.45808463018
326,2020-11-21T00:00:00.000,90971.45808463018
327,2020-12-10T00:00:00.000,91051.45808463018
328,2020-12-12T00:00:00.000,91458.45808463018
329,2020-12-13T00:00:00.000,91621.45808463018
330,2021-01-04T00:00:00.000,91800.45808463018
331,2020-12-14T00:00:00.000,91883.45808463018
332,2021-01-02T00:00:00.000,92254.45808463018
333,2021-01-03T00:00:00.000,92355.45808463018
334,2021-01-17T00:00:00.000,92378.45808463018
335,2020-12-15T00:00:00.000,92391.45808463018
336,2021-01-01T00:00:00.000,92441.45808463018
337,2020-12-16T00:00:00.000,92587.45808463018
338,2021-01-06T00:00:00.000,92600.45808463018
339,2021-01-05T00:00:00.000,92771.45808463018
340,2021-01-16T00:00:00.000,92853.45808463018
341,2020-12-17T00:00:00.000,92890.45808463018
342,2020-05-11T00:00:00.000,92939.45808463018
343,2021-01-07T00:00:00.000,93137.45808463018
344,2021-01-18T00:00:00.000,93303.45808463018
345,2021-01-08T00:00:00.000,93659.45808463018
346,2021-01-09T00:00:00.000,93832.45808463018
347,2020-12-18T00:00:00.000,94116.45808463018
348,2021-01-10T00:00:00.000,94264.45808463018
349,2020-03-24T00:00:00.000,94359.45808463018
350,2020-12-31T00:00:00.000,94392.45808463018
351,2020-05-10T00:00:00.000,94666.45808463018
352,2021-01-15T00:00:00.000,95008.45808463018
353,2020-05-05T00:00:00.000,95196.45808463018
354,2021-01-12T00:00:00.000,95205.45808463018
355,2021-01-13T00:00:00.000,95346.45808463018
356,2021-01-11T00:00:00.000,95445.45808463018
357,2021-01-14T00:00:00.000,95549.45808463018
358,2020-05-09T00:00:00.000,95742.45808463018
359,2020-12-30T00:00:00.000,96447.45808463018
360,2020-05-08T00:00:00.000,96564.45808463018
361,2020-12-29T00:00:00.000,96590.45808463018
362,2020-12-19T00:00:00.000,97119.45808463018
363,2021-01-19T00:00:00.000,97273.45808463018
364,2020-12-25T00:00:00.000,97286.45808463018
365,2020-12-28T00:00:00.000,97321.45808463018
366,2020-12-26T00:00:00.000,97427.45808463018
367,2020-05-07T00:00:00.000,97604.45808463018
368,2020-12-27T00:00:00.000,97761.45808463018
369,2020-12-24T00:00:00.000,97838.45808463018
370,2020-05-04T00:00:00.000,98158.45808463018
371,2020-05-06T00:00:00.000,98404.45808463018
372,2020-12-23T00:00:00.000,98647.45808463018
373,2020-12-22T00:00:00.000,98819.45808463018
374,2020-12-20T00:00:00.000,98875.45808463018
375,2020-12-21T00:00:00.000,99103.45808463018
376,2020-03-25T00:00:00.000,100567.45808463018
377,2021-01-20T00:00:00.000,101132.45808463018
378,2020-05-03T00:00:00.000,101557.45808463018
379,2021-01-21T00:00:00.000,104660.45808463018
380,2020-05-02T00:00:00.000,104802.45808463018
381,2020-03-26T00:00:00.000,106474.45808463018
382,2021-01-22T00:00:00.000,108403.45808463018
383,2020-05-01T00:00:00.000,108816.45808463018
384,2021-01-23T00:00:00.000,111212.45808463018
385,2020-03-27T00:00:00.000,112143.45808463018
386,2021-01-24T00:00:00.000,114611.45808463018
387,2020-04-30T00:00:00.000,114990.45808463018
388,2021-01-25T00:00:00.000,116923.45808463018
389,2020-03-28T00:00:00.000,117560.45808463018
390,2020-04-29T00:00:00.000,118783.45808463018
391,2021-01-26T00:00:00.000,119437.45808463018
392,2021-01-27T00:00:00.000,120953.45808463018
393,2020-03-29T00:00:00.000,122165.45808463018
394,2021-01-28T00:00:00.000,124068.45808463018
395,2020-04-28T00:00:00.000,125114.45808463018
396,2021-01-29T00:00:00.000,127250.45808463018
397,2021-01-30T00:00:00.000,128349.45808463018
398,2021-01-31T00:00:00.000,129300.45808463018
399,2021-02-01T00:00:00.000,130689.45808463018
400,2021-02-02T00:00:00.000,131139.45808463017
401,2020-04-27T00:00:00.000,132890.45808463017
402,2021-02-03T00:00:00.000,133900.45808463017
403,2020-03-30T00:00:00.000,135527.45808463017
404,2021-02-04T00:00:00.000,135693.45808463017
405,2021-02-05T00:00:00.000,137663.45808463017
406,2021-02-06T00:00:00.000,139124.45808463017
407,2021-02-07T00:00:00.000,139762.45808463017
408,2021-02-08T00:00:00.000,140405.45808463017
409,2021-02-09T00:00:00.000,142853.45808463017
410,2020-04-26T00:00:00.000,143288.45808463017
411,2020-03-31T00:00:00.000,143573.45808463017
412,2021-02-21T00:00:00.000,144843.45808463017
413,2021-02-22T00:00:00.000,145305.45808463017
414,2021-02-10T00:00:00.000,145382.45808463017
415,2020-04-25T00:00:00.000,145757.45808463017
416,2021-02-23T00:00:00.000,145853.45808463017
417,2021-02-20T00:00:00.000,146246.45808463017
418,2021-02-24T00:00:00.000,146381.45808463017
419,2021-02-25T00:00:00.000,146600.45808463017
420,2021-02-18T00:00:00.000,146627.45808463017
421,2021-02-19T00:00:00.000,146663.45808463017
422,2021-02-11T00:00:00.000,146683.45808463017
423,2021-02-17T00:00:00.000,147024.45808463017
424,2021-02-26T00:00:00.000,147288.45808463017
425,2021-02-12T00:00:00.000,147676.45808463017
426,2021-02-27T00:00:00.000,147867.45808463017
427,2021-02-28T00:00:00.000,148182.45808463017
428,2021-02-13T00:00:00.000,148463.45808463017
429,2021-02-16T00:00:00.000,148722.45808463017
430,2021-03-01T00:00:00.000,148805.45808463017
431,2021-02-14T00:00:00.000,149496.45808463017
432,2020-04-24T00:00:00.000,149768.45808463017
433,2021-03-02T00:00:00.000,149983.45808463017
434,2021-02-15T00:00:00.000,150247.45808463017
435,2021-03-06T00:00:00.000,150616.45808463017
436,2021-03-03T00:00:00.000,150733.45808463017
437,2021-03-07T00:00:00.000,150881.45808463017
438,2021-03-04T00:00:00.000,150995.45808463017
439,2021-03-05T00:00:00.000,151071.45808463017
440,2021-03-10T00:00:00.000,151229.45808463017
441,2021-03-11T00:00:00.000,151363.45808463017
442,2021-03-09T00:00:00.000,151373.45808463017
443,2020-04-01T00:00:00.000,151460.45808463017
444,2021-03-08T00:00:00.000,151517.45808463017
445,2021-03-12T00:00:00.000,151871.45808463017
446,2021-03-14T00:00:00.000,152287.45808463017
447,2021-03-13T00:00:00.000,152340.45808463017
448,2021-03-15T00:00:00.000,153047.45808463017
449,2020-04-23T00:00:00.000,153610.45808463017
450,2021-03-16T00:00:00.000,154139.45808463017
451,2021-03-17T00:00:00.000,154722.45808463017
452,2021-03-18T00:00:00.000,155889.45808463017
453,2020-04-22T00:00:00.000,157158.45808463017
454,2021-03-19T00:00:00.000,157329.45808463017
455,2021-03-21T00:00:00.000,157620.45808463017
456,2020-04-02T00:00:00.000,157662.45808463017
457,2021-03-20T00:00:00.000,157691.45808463017
458,2021-03-22T00:00:00.000,160195.45808463017
459,2020-04-21T00:00:00.000,160616.45808463017
460,2021-03-23T00:00:00.000,161093.45808463017
461,2021-09-06T00:00:00.000,162127.45808463017
462,2021-09-07T00:00:00.000,162299.45808463017
463,2021-09-05T00:00:00.000,162954.45808463017
464,2021-08-30T00:00:00.000,162982.45808463017
465,2021-09-08T00:00:00.000,163016.45808463017
466,2021-08-31T00:00:00.000,163081.45808463017
467,2021-08-29T00:00:00.000,163281.45808463017
468,2021-09-01T00:00:00.000,163675.45808463017
469,2021-09-09T00:00:00.000,163792.45808463017
470,2021-09-04T00:00:00.000,164131.45808463017
471,2021-08-28T00:00:00.000,164142.45808463017
472,2021-09-02T00:00:00.000,164280.45808463017
473,2021-07-25T00:00:00.000,164358.45808463017
474,2021-09-10T00:00:00.000,164554.45808463017
475,2021-09-03T00:00:00.000,164570.45808463017
476,2021-03-24T00:00:00.000,164610.45808463017
477,2021-07-26T00:00:00.000,164890.45808463017
478,2021-09-11T00:00:00.000,164908.45808463017
479,2021-09-12T00:00:00.000,164938.45808463017
480,2021-07-21T00:00:00.000,164960.45808463017
481,2021-07-24T00:00:00.000,164964.45808463017
482,2021-07-20T00:00:00.000,165006.45808463017
483,2021-07-19T00:00:00.000,165346.45808463017
484,2021-08-21T00:00:00.000,165403.45808463017
485,2021-07-23T00:00:00.000,165432.45808463017
486,2021-07-27T00:00:00.000,165439.45808463017
487,2021-07-22T00:00:00.000,165469.45808463017
488,2021-08-19T00:00:00.000,165501.45808463017
489,2021-08-16T00:00:00.000,165758.45808463017
490,2021-08-18T00:00:00.000,165771.45808463017
491,2021-08-20T00:00:00.000,165787.45808463017
492,2021-08-23T00:00:00.000,165801.45808463017
493,2021-07-29T00:00:00.000,165828.45808463017
494,2021-08-22T00:00:00.000,165845.45808463017
495,2021-08-15T00:00:00.000,165863.45808463017
496,2021-08-17T00:00:00.000,165930.45808463017
497,2021-09-13T00:00:00.000,166003.45808463017
498,2020-04-20T00:00:00.000,166204.45808463017
499,2021-07-28T00:00:00.000,166215.45808463017
500,2021-03-25T00:00:00.000,166266.45808463017
501,2021-08-27T00:00:00.000,166291.45808463017
502,2020-04-03T00:00:00.000,166299.45808463017
503,2021-08-06T00:00:00.000,166478.45808463017
504,2021-08-11T00:00:00.000,166500.45808463017
505,2021-08-14T00:00:00.000,166533.45808463017
506,2021-08-13T00:00:00.000,166615.45808463017
507,2021-08-12T00:00:00.000,166682.45808463017
508,2021-08-24T00:00:00.000,166743.45808463017
509,2021-07-18T00:00:00.000,166743.45808463017
510,2021-07-30T00:00:00.000,166755.45808463017
511,2021-08-05T00:00:00.000,166787.45808463017
512,2021-08-07T00:00:00.000,166828.45808463017
513,2021-09-14T00:00:00.000,166941.45808463017
514,2021-08-04T00:00:00.000,166983.45808463017
515,2021-08-10T00:00:00.000,167159.45808463017
516,2021-08-25T00:00:00.000,167225.45808463017
517,2021-08-08T00:00:00.000,167282.45808463017
518,2021-08-26T00:00:00.000,167297.45808463017
519,2021-04-02T00:00:00.000,167349.45808463017
520,2021-08-09T00:00:00.000,167393.45808463017
521,2021-08-03T00:00:00.000,167430.45808463017
522,2021-09-15T00:00:00.000,167695.45808463017
523,2021-09-16T00:00:00.000,167780.45808463017
524,2021-03-26T00:00:00.000,167831.45808463017
525,2021-08-01T00:00:00.000,167860.45808463017
526,2021-04-03T00:00:00.000,167953.45808463017
527,2021-08-02T00:00:00.000,168044.45808463017
528,2021-04-01T00:00:00.000,168223.45808463017
529,2021-07-31T00:00:00.000,168323.45808463017
530,2021-03-27T00:00:00.000,168348.45808463017
531,2021-03-31T00:00:00.000,168525.45808463017
532,2021-09-17T00:00:00.000,168540.45808463017
533,2021-03-28T00:00:00.000,168810.45808463017
534,2021-03-30T00:00:00.000,169267.45808463017
535,2021-03-29T00:00:00.000,169402.45808463017
536,2020-04-19T00:00:00.000,169473.45808463017
537,2021-09-18T00:00:00.000,169521.45808463017
538,2021-09-21T00:00:00.000,169626.45808463017
539,2021-09-19T00:00:00.000,169989.45808463017
540,2021-09-20T00:00:00.000,169998.45808463017
541,2021-09-22T00:00:00.000,170349.45808463017
542,2021-07-15T00:00:00.000,170607.45808463017
543,2021-07-16T00:00:00.000,170749.45808463017
544,2021-07-17T00:00:00.000,170987.45808463017
545,2021-07-14T00:00:00.000,171020.45808463017
546,2021-07-12T00:00:00.000,171023.45808463017
547,2021-07-13T00:00:00.000,171034.45808463017
548,2021-09-23T00:00:00.000,171217.45808463017
549,2021-04-04T00:00:00.000,171379.45808463017
550,2021-07-11T00:00:00.000,171420.45808463017
551,2021-04-05T00:00:00.000,171614.45808463017
552,2020-04-04T00:00:00.000,171881.45808463017
553,2021-07-10T00:00:00.000,172082.45808463017
554,2021-04-06T00:00:00.000,172336.45808463017
555,2021-09-24T00:00:00.000,173038.45808463017
556,2021-07-09T00:00:00.000,173325.45808463017
557,2021-04-07T00:00:00.000,173596.45808463017
558,2021-07-05T00:00:00.000,174393.45808463017
559,2021-09-25T00:00:00.000,174596.45808463017
560,2021-07-08T00:00:00.000,174637.45808463017
561,2020-04-18T00:00:00.000,174813.45808463017
562,2021-07-06T00:00:00.000,174829.45808463017
563,2021-07-07T00:00:00.000,175224.45808463017
564,2021-07-04T00:00:00.000,175509.45808463017
565,2021-07-03T00:00:00.000,175973.45808463017
566,2021-09-26T00:00:00.000,176218.45808463017
567,2020-04-05T00:00:00.000,176855.45808463017
568,2021-07-02T00:00:00.000,176978.45808463017
569,2021-04-08T00:00:00.000,177066.45808463017
570,2021-09-27T00:00:00.000,177705.45808463017
571,2021-06-30T00:00:00.000,178048.45808463017
572,2021-09-30T00:00:00.000,178129.45808463017
573,2021-07-01T00:00:00.000,178279.45808463017
574,2021-09-28T00:00:00.000,178324.45808463017
575,2021-09-29T00:00:00.000,178514.45808463017
576,2021-10-01T00:00:00.000,178929.45808463017
577,2021-06-25T00:00:00.000,179023.45808463017
578,2021-06-29T00:00:00.000,179170.45808463017
579,2021-04-09T00:00:00.000,179243.45808463017
580,2021-06-26T00:00:00.000,179316.45808463017
581,2021-06-27T00:00:00.000,179352.45808463017
582,2021-10-02T00:00:00.000,179415.45808463017
583,2021-06-28T00:00:00.000,179468.45808463017
584,2021-06-24T00:00:00.000,179572.45808463017
585,2021-04-10T00:00:00.000,180081.45808463017
586,2020-04-17T00:00:00.000,180335.45808463017
587,2021-10-03T00:00:00.000,180394.45808463017
588,2021-06-23T00:00:00.000,180663.45808463017
589,2021-04-24T00:00:00.000,180696.45808463017
590,2021-04-23T00:00:00.000,180805.45808463017
591,2021-06-19T00:00:00.000,181177.45808463017
592,2021-04-11T00:00:00.000,181365.45808463017
593,2021-04-25T00:00:00.000,181368.45808463017
594,2021-04-22T00:00:00.000,181498.45808463017
595,2021-10-04T00:00:00.000,181789.45808463017
596,2021-04-21T00:00:00.000,181944.45808463017
597,2021-06-22T00:00:00.000,182627.45808463017
598,2021-04-26T00:00:00.000,182664.45808463017
599,2020-04-06T00:00:00.000,182839.45808463017
600,2021-04-13T00:00:00.000,183155.45808463017
601,2021-04-12T00:00:00.000,183168.45808463017
602,2021-06-18T00:00:00.000,183369.45808463017
603,2021-04-14T00:00:00.000,183729.45808463017
604,2021-04-17T00:00:00.000,183746.45808463017
605,2021-04-16T00:00:00.000,184087.45808463017
606,2021-04-19T00:00:00.000,184174.45808463017
607,2021-06-20T00:00:00.000,184200.45808463017
608,2021-04-20T00:00:00.000,184267.45808463017
609,2021-04-15T00:00:00.000,184290.45808463017
610,2021-04-27T00:00:00.000,184883.45808463017
611,2020-04-16T00:00:00.000,184995.45808463017
612,2021-10-05T00:00:00.000,185009.45808463017
613,2021-04-18T00:00:00.000,185109.45808463017
614,2021-06-21T00:00:00.000,185133.45808463017
615,2021-04-28T00:00:00.000,186002.45808463017
616,2021-04-29T00:00:00.000,186843.45808463017
617,2021-10-06T00:00:00.000,187441.45808463017
618,2021-06-17T00:00:00.000,187706.45808463017
619,2021-10-07T00:00:00.000,188019.45808463017
620,2020-04-07T00:00:00.000,188438.45808463017
621,2021-06-16T00:00:00.000,189257.45808463017
622,2020-04-15T00:00:00.000,189347.45808463017
623,2021-06-15T00:00:00.000,189572.45808463017
624,2021-10-08T00:00:00.000,189622.45808463017
625,2021-06-14T00:00:00.000,190036.45808463017
626,2021-10-09T00:00:00.000,190300.45808463017
627,2021-06-13T00:00:00.000,190459.45808463017
628,2021-10-11T00:00:00.000,190495.45808463017
629,2021-06-09T00:00:00.000,190682.45808463017
630,2021-06-08T00:00:00.000,190783.45808463017
631,2021-06-10T00:00:00.000,191129.45808463017
632,2021-06-06T00:00:00.000,191198.45808463017
633,2021-10-10T00:00:00.000,191223.45808463017
634,2021-06-07T00:00:00.000,191259.45808463017
635,2021-06-05T00:00:00.000,191354.45808463017
636,2021-06-04T00:00:00.000,191504.45808463017
637,2021-10-12T00:00:00.000,191961.45808463017
638,2021-06-12T00:00:00.000,191973.45808463017
639,2021-04-30T00:00:00.000,192119.45808463017
640,2021-06-03T00:00:00.000,192276.45808463017
641,2020-04-08T00:00:00.000,192391.45808463017
642,2021-06-11T00:00:00.000,192586.45808463017
643,2020-04-14T00:00:00.000,192890.45808463017
644,2021-10-13T00:00:00.000,193192.45808463017
645,2021-10-14T00:00:00.000,194289.45808463017
646,2021-10-15T00:00:00.000,194366.45808463017
647,2021-10-16T00:00:00.000,194526.45808463017
648,2021-10-17T00:00:00.000,194575.45808463017
649,2021-06-02T00:00:00.000,195491.45808463017
650,2021-10-18T00:00:00.000,196268.45808463017
651,2020-04-09T00:00:00.000,196827.45808463017
652,2021-05-01T00:00:00.000,197534.45808463017
653,2021-10-19T00:00:00.000,197914.45808463017
654,2021-06-01T00:00:00.000,198563.45808463017
655,2020-04-13T00:00:00.000,198841.45808463017
656,2021-10-20T00:00:00.000,199730.45808463017
657,2020-04-10T00:00:00.000,199895.45808463017
658,2020-04-12T00:00:00.000,200319.45808463017
659,2021-05-02T00:00:00.000,200436.45808463017
660,2020-04-11T00:00:00.000,200466.45808463017
661,2021-10-21T00:00:00.000,201476.45808463017
662,2021-10-22T00:00:00.000,202118.45808463017
663,2021-10-23T00:00:00.000,202398.45808463017
664,2021-10-24T00:00:00.000,202746.45808463017
665,2021-05-31T00:00:00.000,202766.45808463017
666,2021-10-25T00:00:00.000,204517.45808463017
667,2021-10-26T00:00:00.000,206915.45808463017
668,2021-05-03T00:00:00.000,208345.45808463017
669,2021-10-27T00:00:00.000,209082.45808463017
670,2021-05-30T00:00:00.000,210563.45808463017
671,2021-10-28T00:00:00.000,211756.45808463017
672,2021-05-14T00:00:00.000,211792.45808463017
673,2021-05-04T00:00:00.000,212298.45808463017
674,2021-10-29T00:00:00.000,212582.45808463017
675,2021-05-13T00:00:00.000,212803.45808463017
676,2021-05-15T00:00:00.000,212876.45808463017
677,2021-05-10T00:00:00.000,213298.45808463017
678,2021-05-16T00:00:00.000,213349.45808463017
679,2021-10-30T00:00:00.000,213448.45808463017
680,2021-05-12T00:00:00.000,213656.45808463017
681,2021-05-09T00:00:00.000,213758.45808463017
682,2021-05-07T00:00:00.000,213780.45808463017
683,2021-05-17T00:00:00.000,213892.45808463017
684,2021-05-11T00:00:00.000,213935.45808463017
685,2021-05-08T00:00:00.000,213978.45808463017
686,2021-05-06T00:00:00.000,214068.45808463017
687,2021-05-18T00:00:00.000,214175.45808463017
688,2021-05-05T00:00:00.000,214235.45808463017
689,2021-10-31T00:00:00.000,214529.45808463017
690,2021-05-19T00:00:00.000,214612.45808463017
691,2021-11-03T00:00:00.000,214841.45808463017
692,2021-11-02T00:00:00.000,215139.45808463017
693,2021-11-01T00:00:00.000,215423.45808463017
694,2021-11-05T00:00:00.000,215440.45808463017
695,2021-11-06T00:00:00.000,215556.45808463017
696,2021-11-04T00:00:00.000,215939.45808463017
697,2021-05-29T00:00:00.000,216071.45808463017
698,2021-05-20T00:00:00.000,216249.45808463017
699,2021-11-07T00:00:00.000,217085.45808463017
700,2021-05-21T00:00:00.000,219853.45808463017
701,2021-11-08T00:00:00.000,220220.45808463017
702,2021-05-28T00:00:00.000,221244.45808463017
703,2021-05-22T00:00:00.000,221607.45808463017
704,2021-05-24T00:00:00.000,221843.45808463017
705,2021-05-23T00:00:00.000,222076.45808463017
706,2021-11-09T00:00:00.000,222391.45808463017
707,2021-05-25T00:00:00.000,222904.45808463017
708,2021-05-26T00:00:00.000,223660.45808463017
709,2021-05-27T00:00:00.000,224407.45808463017
710,2021-11-10T00:00:00.000,224701.45808463017
711,2021-11-11T00:00:00.000,226156.45808463017
712,2021-11-12T00:00:00.000,227422.45808463017
713,2021-11-13T00:00:00.000,228779.45808463017
714,2021-11-14T00:00:00.000,231525.45808463017
715,2021-11-15T00:00:00.000,234085.45808463017
716,2021-11-16T00:00:00.000,235218.45808463017
717,2021-11-17T00:00:00.000,237345.45808463017
718,2021-11-18T00:00:00.000,239585.45808463017
719,2021-11-19T00:00:00.000,246328.45808463017
720,2021-11-20T00:00:00.000,251737.45808463017
721,2021-11-21T00:00:00.000,254340.45808463017
722,2021-11-22T00:00:00.000,257534.45808463017
723,2022-01-04T00:00:00.000,257999.45808463017
724,2021-12-31T00:00:00.000,258332.45808463017
725,2022-01-03T00:00:00.000,258382.45808463017
726,2021-11-23T00:00:00.000,259021.45808463017
727,2022-01-01T00:00:00.000,259260.45808463017
728,2022-01-05T00:00:00.000,259300.45808463017
729,2021-11-24T00:00:00.000,259841.45808463017
730,2021-11-25T00:00:00.000,260127.45808463017
731,2021-12-30T00:00:00.000,260492.45808463017
732,2022-01-02T00:00:00.000,260550.45808463017
733,2021-11-26T00:00:00.000,260769.45808463017
734,2021-12-28T00:00:00.000,261221.45808463017
735,2021-12-29T00:00:00.000,261432.45808463017
736,2021-11-27T00:00:00.000,261588.45808463017
737,2021-11-28T00:00:00.000,261695.45808463017
738,2021-12-27T00:00:00.000,261844.45808463017
739,2021-11-29T00:00:00.000,263109.4580846302
740,2022-01-06T00:00:00.000,263150.4580846302
741,2021-12-26T00:00:00.000,263671.4580846302
742,2021-12-25T00:00:00.000,263677.4580846302
743,2021-11-30T00:00:00.000,263746.4580846302
744,2021-12-01T00:00:00.000,264583.4580846302
745,2021-12-24T00:00:00.000,264676.4580846302
746,2021-12-02T00:00:00.000,265956.4580846302
747,2021-12-23T00:00:00.000,266692.4580846302
748,2021-12-03T00:00:00.000,267102.4580846302
749,2021-12-04T00:00:00.000,268073.4580846302
750,2021-12-22T00:00:00.000,268126.4580846302
751,2021-12-05T00:00:00.000,268171.4580846302
752,2021-12-21T00:00:00.000,269409.4580846302
753,2021-12-20T00:00:00.000,270920.4580846302
754,2021-12-06T00:00:00.000,271047.4580846302
755,2022-01-07T00:00:00.000,271089.4580846302
756,2021-12-19T00:00:00.000,271171.4580846302
757,2021-12-07T00:00:00.000,272099.4580846302
758,2021-12-18T00:00:00.000,272507.4580846302
759,2021-12-08T00:00:00.000,272570.4580846302
760,2021-12-09T00:00:00.000,274160.4580846302
761,2021-12-12T00:00:00.000,275016.4580846302
762,2021-12-13T00:00:00.000,275195.4580846302
763,2021-12-10T00:00:00.000,275808.4580846302
764,2021-12-11T00:00:00.000,276125.4580846302
765,2021-12-17T00:00:00.000,276245.4580846302
766,2021-12-15T00:00:00.000,277986.4580846302
767,2021-12-14T00:00:00.000,277986.4580846302
768,2021-12-16T00:00:00.000,278727.4580846302
769,2022-01-08T00:00:00.000,279584.4580846302
770,2022-01-09T00:00:00.000,283593.4580846302
771,2022-01-10T00:00:00.000,288697.4580846302
772,2022-01-11T00:00:00.000,289635.4580846302
773,2022-01-12T00:00:00.000,290485.4580846302
774,2022-01-14T00:00:00.000,291121.4580846302
775,2022-01-13T00:00:00.000,291314.4580846302
776,2022-01-15T00:00:00.000,293124.4580846302
777,2022-01-16T00:00:00.000,296831.4580846302
778,2022-01-17T00:00:00.000,297939.4580846302
779,2022-01-18T00:00:00.000,300346.4580846302
780,2022-01-19T00:00:00.000,302879.4580846302
781,2022-03-15T00:00:00.000,303524.4580846302
782,2022-03-16T00:00:00.000,303735.4580846302
783,2022-03-18T00:00:00.000,304789.4580846302
784,2022-03-17T00:00:00.000,305037.4580846302
785,2022-03-14T00:00:00.000,305806.4580846302
786,2022-03-09T00:00:00.000,305941.4580846302
787,2022-01-20T00:00:00.000,306528.4580846302
788,2022-03-13T00:00:00.000,306698.4580846302
789,2022-03-19T00:00:00.000,306787.4580846302
790,2022-03-20T00:00:00.000,307126.4580846302
791,2022-03-12T00:00:00.000,307224.4580846302
792,2022-03-11T00:00:00.000,307819.4580846302
793,2022-03-10T00:00:00.000,307829.4580846302
794,2022-03-06T00:00:00.000,308106.4580846302
795,2022-03-05T00:00:00.000,308172.4580846302
796,2022-03-07T00:00:00.000,308437.4580846302
797,2022-03-08T00:00:00.000,308487.4580846302
798,2022-03-02T00:00:00.000,308743.4580846302
799,2022-03-03T00:00:00.000,308807.4580846302
800,2022-03-04T00:00:00.000,308926.4580846302
801,2022-03-21T00:00:00.000,309491.4580846302
802,2022-03-01T00:00:00.000,310921.4580846302
803,2022-03-22T00:00:00.000,311300.4580846302
804,2022-02-28T00:00:00.000,312921.4580846302
805,2022-03-23T00:00:00.000,313201.4580846302
806,2022-01-21T00:00:00.000,313492.4580846302
807,2022-02-27T00:00:00.000,314503.4580846302
808,2022-02-26T00:00:00.000,314541.4580846302
809,2022-03-24T00:00:00.000,315830.4580846302
810,2022-02-25T00:00:00.000,316274.4580846302
811,2022-02-22T00:00:00.000,317272.4580846302
812,2022-02-24T00:00:00.000,317296.4580846302
813,2022-01-22T00:00:00.000,317333.4580846302
814,2022-02-21T00:00:00.000,317610.4580846302
815,2022-02-23T00:00:00.000,317641.4580846302
816,2022-02-20T00:00:00.000,319206.4580846302
817,2022-03-25T00:00:00.000,319515.4580846302
818,2022-02-19T00:00:00.000,319887.4580846302
819,2022-01-23T00:00:00.000,319974.4580846302
820,2022-03-27T00:00:00.000,320799.4580846302
821,2022-02-13T00:00:00.000,321712.4580846302
822,2022-02-08T00:00:00.000,321920.4580846302
823,2022-03-26T00:00:00.000,322067.4580846302
824,2022-02-18T00:00:00.000,322697.4580846302
825,2022-02-14T00:00:00.000,322699.4580846302
826,2022-02-07T00:00:00.000,323129.4580846302
827,2022-02-12T00:00:00.000,323626.4580846302
828,2022-03-28T00:00:00.000,324128.4580846302
829,2022-02-15T00:00:00.000,324190.4580846302
830,2022-02-11T00:00:00.000,324529.4580846302
831,2022-02-10T00:00:00.000,324893.4580846302
832,2022-01-24T00:00:00.000,325037.4580846302
833,2022-02-09T00:00:00.000,325045.4580846302
834,2022-02-17T00:00:00.000,325050.4580846302
835,2022-02-16T00:00:00.000,325192.4580846302
836,2022-02-06T00:00:00.000,326126.4580846302
837,2022-01-25T00:00:00.000,327587.4580846302
838,2022-03-29T00:00:00.000,328580.4580846302
839,2022-01-26T00:00:00.000,328659.4580846302
840,2022-02-05T00:00:00.000,328974.4580846302
841,2022-01-27T00:00:00.000,330658.4580846302
842,2022-03-30T00:00:00.000,333502.4580846302
843,2022-01-28T00:00:00.000,335923.4580846302
844,2022-03-31T00:00:00.000,336075.4580846302
845,2022-02-04T00:00:00.000,336103.4580846302
846,2022-01-29T00:00:00.000,337776.4580846302
847,2022-04-01T00:00:00.000,339199.4580846302
848,2022-01-30T00:00:00.000,339474.4580846302
849,2022-01-31T00:00:00.000,342143.4580846302
850,2022-04-02T00:00:00.000,342419.4580846302
851,2022-02-03T00:00:00.000,342766.4580846302
852,2022-02-01T00:00:00.000,343750.4580846302
853,2022-02-02T00:00:00.000,345100.4580846302
854,2022-04-03T00:00:00.000,345690.4580846302
855,2022-04-04T00:00:00.000,350103.4580846302
856,2022-04-05T00:00:00.000,354872.4580846302
857,2022-04-06T00:00:00.000,362422.4580846302
858,2022-04-07T00:00:00.000,374641.4580846302
859,2022-04-08T00:00:00.000,386445.4580846302
860,2022-04-09T00:00:00.000,393796.4580846302
861,2022-04-10T00:00:00.000,402651.4580846302
862,2022-04-11T00:00:00.000,413192.4580846302
863,2022-04-12T00:00:00.000,422835.4580846302
864,2022-04-13T00:00:00.000,435101.4580846302
865,2022-04-14T00:00:00.000,440726.4580846302
866,2022-04-15T00:00:00.000,443962.4580846302
867,2022-04-16T00:00:00.000,446231.4580846302
868,2022-04-17T00:00:00.000,447938.4580846302
869,2022-04-18T00:00:00.000,449459.4580846302
870,2022-04-19T00:00:00.000,453738.4580846302
871,2022-05-31T00:00:00.000,457999.4580846302
872,2022-04-20T00:00:00.000,458233.4580846302
873,2022-06-01T00:00:00.000,458411.4580846302
874,2022-05-11T00:00:00.000,459319.4580846302
875,2022-05-30T00:00:00.000,460608.4580846302
876,2022-06-03T00:00:00.000,461154.4580846302
877,2022-05-29T00:00:00.000,461246.4580846302
878,2022-04-21T00:00:00.000,461596.4580846302
879,2022-06-02T00:00:00.000,461708.4580846302
880,2022-06-04T00:00:00.000,462530.4580846302
881,2022-05-28T00:00:00.000,462680.4580846302
882,2022-05-10T00:00:00.000,463095.4580846302
883,2022-05-27T00:00:00.000,463242.4580846302
884,2022-04-22T00:00:00.000,463871.4580846302
885,2022-05-12T00:00:00.000,464524.4580846302
886,2022-05-09T00:00:00.000,464718.4580846302
887,2022-04-23T00:00:00.000,465323.4580846302
888,2022-06-05T00:00:00.000,466137.4580846302
889,2022-05-26T00:00:00.000,467150.4580846302
890,2022-04-24T00:00:00.000,467704.4580846302
891,2022-05-08T00:00:00.000,469295.4580846302
892,2022-05-13T00:00:00.000,469546.4580846302
893,2022-04-25T00:00:00.000,470429.4580846302
894,2022-06-06T00:00:00.000,473823.4580846302
895,2022-05-25T00:00:00.000,473867.4580846302
896,2022-04-26T00:00:00.000,474202.4580846302
897,2022-05-07T00:00:00.000,474278.4580846302
898,2022-05-14T00:00:00.000,475033.4580846302
899,2022-04-27T00:00:00.000,476202.4580846302
900,2022-05-24T00:00:00.000,476976.4580846302
901,2022-05-06T00:00:00.000,477067.4580846302
902,2022-05-15T00:00:00.000,478295.4580846302
903,2022-05-17T00:00:00.000,480472.4580846302
904,2022-05-16T00:00:00.000,480549.4580846302
905,2022-04-28T00:00:00.000,481065.4580846302
906,2022-05-23T00:00:00.000,481809.4580846302
907,2022-05-18T00:00:00.000,482060.4580846302
908,2022-05-05T00:00:00.000,482286.4580846302
909,2022-05-22T00:00:00.000,483634.4580846302
910,2022-05-21T00:00:00.000,484710.4580846302
911,2022-04-29T00:00:00.000,484759.4580846302
912,2022-04-30T00:00:00.000,484896.4580846302
913,2022-07-17T00:00:00.000,485470.4580846302
914,2022-05-01T00:00:00.000,486081.4580846302
915,2022-05-19T00:00:00.000,486158.4580846302
916,2022-05-20T00:00:00.000,486792.4580846302
917,2022-07-16T00:00:00.000,487467.4580846302
918,2022-05-02T00:00:00.000,487755.4580846302
919,2022-05-04T00:00:00.000,490310.4580846302
920,2022-09-05T00:00:00.000,490820.4580846302
921,2022-05-03T00:00:00.000,491781.4580846302
922,2022-09-06T00:00:00.000,492467.4580846302
923,2022-07-15T00:00:00.000,492681.4580846302
924,2022-08-27T00:00:00.000,492885.4580846302
925,2022-09-07T00:00:00.000,493152.4580846302
926,2022-09-04T00:00:00.000,493406.4580846302
927,2022-09-02T00:00:00.000,493771.4580846302
928,2022-09-01T00:00:00.000,493939.4580846302
929,2022-08-26T00:00:00.000,493991.4580846302
930,2022-09-03T00:00:00.000,494331.4580846302
931,2022-08-31T00:00:00.000,494524.4580846302
932,2022-08-28T00:00:00.000,494560.4580846302
933,2022-06-07T00:00:00.000,494923.4580846302
934,2022-08-30T00:00:00.000,495572.4580846302
935,2022-08-29T00:00:00.000,495999.4580846302
936,2022-09-08T00:00:00.000,496208.4580846302
937,2022-07-18T00:00:00.000,496724.4580846302
938,2022-09-09T00:00:00.000,498463.4580846302
939,2022-07-14T00:00:00.000,498557.4580846302
940,2022-09-10T00:00:00.000,499558.4580846302
941,2022-08-25T00:00:00.000,499654.4580846302
942,2022-09-11T00:00:00.000,500609.4580846302
943,2022-08-24T00:00:00.000,503609.4580846302
944,2022-07-19T00:00:00.000,504367.4580846302
945,2022-09-12T00:00:00.000,505996.4580846302
946,2022-07-20T00:00:00.000,506151.4580846302
947,2022-08-23T00:00:00.000,506954.4580846302
948,2022-07-21T00:00:00.000,507269.4580846302
949,2022-07-22T00:00:00.000,507726.4580846302
950,2022-07-23T00:00:00.000,507922.4580846302
951,2022-07-24T00:00:00.000,508043.4580846302
952,2022-09-13T00:00:00.000,509399.4580846302
953,2022-07-13T00:00:00.000,509529.4580846302
954,2022-08-22T00:00:00.000,512818.4580846302
955,2022-06-08T00:00:00.000,513477.4580846302
956,2022-09-14T00:00:00.000,513750.4580846302
957,2022-09-15T00:00:00.000,516829.4580846302
958,2022-07-25T00:00:00.000,517543.4580846302
959,2022-09-16T00:00:00.000,518340.4580846302
960,2022-09-17T00:00:00.000,519853.4580846302
961,2022-08-21T00:00:00.000,521083.4580846302
962,2022-09-18T00:00:00.000,521351.4580846302
963,2022-09-19T00:00:00.000,523304.4580846302
964,2022-09-20T00:00:00.000,523316.4580846302
965,2022-09-21T00:00:00.000,523752.4580846302
966,2022-07-26T00:00:00.000,523945.4580846302
967,2022-08-20T00:00:00.000,524291.4580846302
968,2022-09-22T00:00:00.000,525596.4580846302
969,2022-08-19T00:00:00.000,526941.4580846302
970,2022-09-25T00:00:00.000,527789.4580846302
971,2022-06-09T00:00:00.000,528031.4580846302
972,2022-09-23T00:00:00.000,528341.4580846302
973,2022-09-24T00:00:00.000,528940.4580846302
974,2022-08-18T00:00:00.000,529231.4580846302
975,2022-07-27T00:00:00.000,529494.4580846302
976,2022-09-26T00:00:00.000,529686.4580846302
977,2022-07-12T00:00:00.000,530629.4580846302
978,2022-09-27T00:00:00.000,530816.4580846302
979,2022-08-17T00:00:00.000,532324.4580846302
980,2022-09-28T00:00:00.000,533012.4580846302
981,2022-09-29T00:00:00.000,534964.4580846302
982,2022-07-28T00:00:00.000,535335.4580846302
983,2022-08-16T00:00:00.000,536701.4580846302
984,2022-09-30T00:00:00.000,537009.4580846302
985,2022-10-01T00:00:00.000,538529.4580846302
986,2022-10-02T00:00:00.000,538722.4580846302
987,2022-10-03T00:00:00.000,541410.4580846302
988,2022-10-04T00:00:00.000,544838.4580846302
989,2022-07-29T00:00:00.000,544879.4580846302
990,2022-08-15T00:00:00.000,546300.4580846302
991,2022-10-05T00:00:00.000,547842.4580846302
992,2022-07-30T00:00:00.000,549605.4580846302
993,2022-10-06T00:00:00.000,550446.4580846302
994,2022-06-10T00:00:00.000,551170.4580846302
995,2022-07-31T00:00:00.000,551550.4580846302
996,2022-10-07T00:00:00.000,554938.4580846302
997,2022-08-04T00:00:00.000,555976.4580846302
998,2022-08-03T00:00:00.000,556141.4580846302
999,2022-08-05T00:00:00.000,557529.4580846302
1000,2022-08-01T00:00:00.000,557620.4580846302
1001,2022-08-06T00:00:00.000,557655.4580846302
1002,2022-10-08T00:00:00.000,560162.4580846302
1003,2022-08-07T00:00:00.000,560245.4580846302
1004,2022-08-02T00:00:00.000,560416.4580846302
1005,2022-08-14T00:00:00.000,561479.4580846302
1006,2022-10-09T00:00:00.000,562938.4580846302
1007,2022-10-10T00:00:00.000,564817.4580846302
1008,2022-08-08T00:00:00.000,565161.4580846302
1009,2022-08-13T00:00:00.000,565695.4580846302
1010,2022-08-09T00:00:00.000,566854.4580846302
1011,2022-08-12T00:00:00.000,567369.4580846302
1012,2022-08-11T00:00:00.000,568485.4580846302
1013,2022-08-10T00:00:00.000,568547.4580846302
1014,2022-10-11T00:00:00.000,568923.4580846302
1015,2022-10-12T00:00:00.000,570552.4580846302
1016,2022-07-11T00:00:00.000,573220.4580846302
1017,2022-10-13T00:00:00.000,581995.4580846302
1018,2022-10-14T00:00:00.000,590791.4580846302
1019,2022-06-11T00:00:00.000,590999.4580846302
1020,2022-07-10T00:00:00.000,591101.4580846302
1021,2022-10-15T00:00:00.000,598952.4580846302
1022,2022-10-16T00:00:00.000,610651.4580846302
1023,2022-06-12T00:00:00.000,621141.4580846302
1024,2022-10-17T00:00:00.000,625608.4580846302
1025,2022-07-09T00:00:00.000,625959.4580846302
1026,2022-06-13T00:00:00.000,640032.4580846302
1027,2022-10-18T00:00:00.000,642491.4580846302
1028,2022-10-19T00:00:00.000,658480.4580846302
1029,2022-07-08T00:00:00.000,670644.4580846302
1030,2022-10-20T00:00:00.000,674457.4580846302
1031,2022-10-21T00:00:00.000,681793.4580846302
1032,2022-06-14T00:00:00.000,684071.4580846302
1033,2022-10-22T00:00:00.000,690829.4580846302
1034,2022-07-07T00:00:00.000,693142.4580846302
1035,2023-01-05T00:00:00.000,696273.4580846302
1036,2023-01-06T00:00:00.000,697522.4580846302
1037,2023-01-04T00:00:00.000,697548.4580846302
1038,2022-10-23T00:00:00.000,699294.4580846302
1039,2023-01-03T00:00:00.000,700369.4580846302
1040,2023-01-07T00:00:00.000,701209.4580846302
1041,2022-06-15T00:00:00.000,701957.4580846302
1042,2023-01-08T00:00:00.000,704002.4580846302
1043,2022-10-24T00:00:00.000,705996.4580846302
1044,2023-01-02T00:00:00.000,706496.4580846302
1045,2022-06-16T00:00:00.000,709441.4580846302
1046,2023-01-09T00:00:00.000,710126.4580846302
1047,2022-07-06T00:00:00.000,710286.4580846302
1048,2022-10-25T00:00:00.000,712511.4580846302
1049,2022-06-17T00:00:00.000,716233.4580846302
1050,2022-10-26T00:00:00.000,717588.4580846302
1051,2023-01-01T00:00:00.000,721065.4580846302
1052,2023-01-10T00:00:00.000,721889.4580846302
1053,2022-10-27T00:00:00.000,723101.4580846302
1054,2022-06-18T00:00:00.000,723103.4580846302
1055,2022-07-05T00:00:00.000,723867.4580846302
1056,2022-12-31T00:00:00.000,727752.4580846302
1057,2022-10-28T00:00:00.000,728043.4580846302
1058,2022-06-19T00:00:00.000,729503.4580846302
1059,2022-10-29T00:00:00.000,730912.4580846302
1060,2023-01-11T00:00:00.000,732942.4580846302
1061,2022-12-30T00:00:00.000,733120.4580846302
1062,2022-10-30T00:00:00.000,734160.4580846302
1063,2022-06-20T00:00:00.000,734592.4580846302
1064,2022-11-21T00:00:00.000,739539.4580846302
1065,2022-11-20T00:00:00.000,739650.4580846302
1066,2022-11-22T00:00:00.000,740071.4580846302
1067,2022-10-31T00:00:00.000,740150.4580846302
1068,2022-06-21T00:00:00.000,740913.4580846302
1069,2022-11-23T00:00:00.000,741979.4580846302
1070,2022-11-01T00:00:00.000,742115.4580846302
1071,2022-07-04T00:00:00.000,742801.4580846302
1072,2023-01-12T00:00:00.000,743053.4580846302
1073,2022-11-24T00:00:00.000,743396.4580846302
1074,2022-11-19T00:00:00.000,743931.4580846302
1075,2022-11-25T00:00:00.000,745309.4580846302
1076,2022-06-22T00:00:00.000,745592.4580846302
1077,2022-11-26T00:00:00.000,746349.4580846302
1078,2022-11-02T00:00:00.000,746398.4580846302
1079,2022-11-27T00:00:00.000,747894.4580846302
1080,2022-11-18T00:00:00.000,748399.4580846302
1081,2022-12-29T00:00:00.000,749577.4580846302
1082,2022-07-03T00:00:00.000,750974.4580846302
1083,2022-06-23T00:00:00.000,751309.4580846302
1084,2022-11-17T00:00:00.000,751618.4580846302
1085,2022-11-28T00:00:00.000,752303.4580846302
1086,2023-01-13T00:00:00.000,753317.4580846302
1087,2022-06-24T00:00:00.000,754337.4580846302
1088,2022-11-03T00:00:00.000,754745.4580846302
1089,2022-06-25T00:00:00.000,754892.4580846302
1090,2022-07-02T00:00:00.000,756004.4580846302
1091,2022-11-29T00:00:00.000,756532.4580846302
1092,2022-06-26T00:00:00.000,756595.4580846302
1093,2023-01-14T00:00:00.000,758372.4580846302
1094,2022-11-16T00:00:00.000,759420.4580846302
1095,2022-07-01T00:00:00.000,759879.4580846302
1096,2022-11-30T00:00:00.000,759954.4580846302
1097,2022-11-04T00:00:00.000,760076.4580846302
1098,2022-06-27T00:00:00.000,760353.4580846302
1099,2022-06-30T00:00:00.000,760403.4580846302
1100,2022-11-05T00:00:00.000,761284.4580846302
1101,2022-06-29T00:00:00.000,761680.4580846302
1102,2022-12-28T00:00:00.000,762584.4580846302
1103,2022-12-01T00:00:00.000,763495.4580846302
1104,2022-06-28T00:00:00.000,763512.4580846302
1105,2022-11-06T00:00:00.000,764536.4580846302
1106,2022-11-15T00:00:00.000,764640.4580846302
1107,2023-01-15T00:00:00.000,766222.4580846302
1108,2022-11-14T00:00:00.000,770822.4580846302
1109,2022-12-02T00:00:00.000,772262.4580846302
1110,2022-11-07T00:00:00.000,772796.4580846302
1111,2023-01-16T00:00:00.000,774735.4580846302
1112,2022-11-13T00:00:00.000,775045.4580846302
1113,2022-12-03T00:00:00.000,775686.4580846302
1114,2022-12-27T00:00:00.000,776426.4580846302
1115,2022-12-04T00:00:00.000,778112.4580846302
1116,2022-11-12T00:00:00.000,779955.4580846302
1117,2022-11-08T00:00:00.000,781521.4580846302
1118,2022-11-11T00:00:00.000,781737.4580846302
1119,2022-11-10T00:00:00.000,783600.4580846302
1120,2023-01-17T00:00:00.000,783870.4580846302
1121,2022-12-05T00:00:00.000,783878.4580846302
1122,2022-12-06T00:00:00.000,787116.4580846302
1123,2022-11-09T00:00:00.000,787392.4580846302
1124,2022-12-26T00:00:00.000,789593.4580846302
1125,2022-12-07T00:00:00.000,791381.4580846302
1126,2022-12-08T00:00:00.000,797699.4580846302
1127,2023-01-18T00:00:00.000,797808.4580846302
1128,2022-12-25T00:00:00.000,802179.4580846302
1129,2022-12-09T00:00:00.000,802276.4580846302
1130,2022-12-10T00:00:00.000,803779.4580846302
1131,2022-12-24T00:00:00.000,806136.4580846302
1132,2022-12-11T00:00:00.000,807023.4580846302
1133,2023-01-19T00:00:00.000,808036.4580846302
1134,2022-12-23T00:00:00.000,808531.4580846302
1135,2022-12-12T00:00:00.000,810607.4580846302
1136,2022-12-13T00:00:00.000,814069.4580846302
1137,2022-12-14T00:00:00.000,814798.4580846302
1138,2022-12-22T00:00:00.000,815500.4580846302
1139,2022-12-15T00:00:00.000,816228.4580846302
1140,2022-12-18T00:00:00.000,816890.4580846302
1141,2022-12-19T00:00:00.000,817588.4580846302
1142,2022-12-16T00:00:00.000,817712.4580846302
1143,2022-12-17T00:00:00.000,817911.4580846302
1144,2022-12-21T00:00:00.000,818444.4580846302
1145,2022-12-20T00:00:00.000,818670.4580846302
1146,2023-01-20T00:00:00.000,818906.4580846302
1147,2023-01-21T00:00:00.000,824356.4580846302
1148,2023-01-22T00:00:00.000,833683.4580846302
1149,2023-01-23T00:00:00.000,848437.4580846302
1150,2023-01-24T00:00:00.000,863803.4580846302
1151,2023-01-25T00:00:00.000,876639.4580846302
1152,2023-01-26T00:00:00.000,888804.4580846302
1153,2023-01-27T00:00:00.000,909625.4580846302
1154,2023-01-28T00:00:00.000,919169.4580846302
1155,2023-01-29T00:00:00.000,932175.4580846302
1156,2023-01-30T00:00:00.000,951837.4580846302
1157,2023-01-31T00:00:00.000,961678.4580846302
1158,2023-02-01T00:00:00.000,972454.4580846302
1159,2023-02-02T00:00:00.000,987449.4580846302
1160,2023-02-03T00:00:00.000,999626.4580846302
1161,2023-02-04T00:00:00.000,1006617.4580846302
1162,2023-02-05T00:00:00.000,1015840.4580846302
1163,2023-02-06T00:00:00.000,1025804.4580846302
1164,2023-02-07T00:00:00.000,1038100.4580846302
1165,2023-02-08T00:00:00.000,1052222.45808463
1166,2023-02-09T00:00:00.000,1073159.45808463
1167,2023-02-10T00:00:00.000,1101603.45808463
1168,2023-02-11T00:00:00.000,1121246.45808463
1169,2023-02-12T00:00:00.000,1135706.45808463
1170,2023-02-13T00:00:00.000,1154873.45808463
1171,2023-02-14T00:00:00.000,1171330.45808463
1172,2023-02-15T00:00:00.000,1182227.45808463
1173,2023-02-16T00:00:00.000,1196947.45808463
1174,2023-04-09T00:00:00.000,1200474.45808463
1175,2023-04-10T00:00:00.000,1203943.45808463
1176,2023-03-26T00:00:00.000,1205009.45808463
1177,2023-03-25T00:00:00.000,1205947.45808463
1178,2023-04-07T00:00:00.000,1206291.45808463
1179,2023-04-08T00:00:00.000,1209284.45808463
1180,2023-03-24T00:00:00.000,1209304.45808463
1181,2023-03-27T00:00:00.000,1210990.45808463
1182,2023-02-17T00:00:00.000,1211849.45808463
1183,2023-04-03T00:00:00.000,1212120.45808463
1184,2023-04-06T00:00:00.000,1212164.45808463
1185,2023-04-02T00:00:00.000,1212278.45808463
1186,2023-04-04T00:00:00.000,1213935.45808463
1187,2023-04-05T00:00:00.000,1214755.45808463
1188,2023-04-11T00:00:00.000,1214925.45808463
1189,2023-04-01T00:00:00.000,1214984.45808463
1190,2023-03-28T00:00:00.000,1216945.45808463
1191,2023-04-12T00:00:00.000,1220093.45808463
1192,2023-03-31T00:00:00.000,1220441.45808463
1193,2023-03-29T00:00:00.000,1221542.45808463
1194,2023-04-13T00:00:00.000,1222411.45808463
1195,2023-03-30T00:00:00.000,1222686.45808463
1196,2023-02-18T00:00:00.000,1226023.45808463
1197,2023-04-14T00:00:00.000,1226651.45808463
1198,2023-04-15T00:00:00.000,1231097.45808463
1199,2023-03-23T00:00:00.000,1233046.45808463
1200,2023-04-16T00:00:00.000,1233454.45808463
1201,2023-02-19T00:00:00.000,1235019.45808463
1202,2023-04-17T00:00:00.000,1237568.45808463
1203,2023-03-22T00:00:00.000,1240397.45808463
1204,2023-04-18T00:00:00.000,1241601.45808463
1205,2023-02-20T00:00:00.000,1247111.45808463
1206,2023-03-21T00:00:00.000,1247217.45808463
1207,2023-04-19T00:00:00.000,1248665.45808463
1208,2023-04-20T00:00:00.000,1251209.45808463
1209,2023-03-19T00:00:00.000,1251904.45808463
1210,2023-03-20T00:00:00.000,1251999.45808463
1211,2023-03-18T00:00:00.000,1255206.45808463
1212,2023-04-21T00:00:00.000,1257905.45808463
1213,2023-03-17T00:00:00.000,1261477.45808463
1214,2023-04-22T00:00:00.000,1261949.45808463
1215,2023-02-21T00:00:00.000,1262302.45808463
1216,2023-04-23T00:00:00.000,1265752.45808463
1217,2023-04-24T00:00:00.000,1266197.45808463
1218,2023-03-16T00:00:00.000,1270119.45808463
1219,2023-04-25T00:00:00.000,1276710.45808463
1220,2023-03-15T00:00:00.000,1278281.45808463
1221,2023-02-22T00:00:00.000,1278992.45808463
1222,2023-03-14T00:00:00.000,1286436.45808463
1223,2023-03-13T00:00:00.000,1296784.45808463
1224,2023-04-26T00:00:00.000,1297844.45808463
1225,2023-02-23T00:00:00.000,1298526.45808463
1226,2023-03-12T00:00:00.000,1314400.45808463
1227,2023-04-27T00:00:00.000,1316927.45808463
1228,2023-03-11T00:00:00.000,1317535.45808463
1229,2023-02-24T00:00:00.000,1322951.45808463
1230,2023-03-10T00:00:00.000,1332439.45808463
1231,2023-02-25T00:00:00.000,1334148.45808463
1232,2023-02-26T00:00:00.000,1338540.45808463
1233,2023-02-27T00:00:00.000,1344170.45808463
1234,2023-02-28T00:00:00.000,1353234.45808463
1235,2023-03-09T00:00:00.000,1356325.45808463
1236,2023-03-01T00:00:00.000,1356571.45808463
1237,2023-03-02T00:00:00.000,1357447.45808463
1238,2023-04-28T00:00:00.000,1360252.45808463
1239,2023-03-03T00:00:00.000,1362532.45808463
1240,2023-03-08T00:00:00.000,1367248.45808463
1241,2023-03-04T00:00:00.000,1367745.45808463
1242,2023-03-05T00:00:00.000,1368323.45808463
1243,2023-03-07T00:00:00.000,1375235.45808463
1244,2023-03-06T00:00:00.000,1376329.45808463
1245,2023-04-29T00:00:00.000,1395694.45808463
1246,2023-05-01T00:00:00.000,1403987.45808463
1247,2023-04-30T00:00:00.000,1405948.45808463
1248,2023-05-02T00:00:00.000,1411189.45808463
1249,2023-07-09T00:00:00.000,1435501.45808463
1250,2023-07-11T00:00:00.000,1435823.45808463
1251,2023-07-04T00:00:00.000,1436795.45808463
1252,2023-07-07T00:00:00.000,1437778.45808463
1253,2023-07-05T00:00:00.000,1437955.45808463
1254,2023-07-08T00:00:00.000,1437974.45808463
1255,2023-07-10T00:00:00.000,1438012.45808463
1256,2023-07-06T00:00:00.000,1438458.45808463
1257,2023-07-03T00:00:00.000,1440977.45808463
1258,2023-06-04T00:00:00.000,1442706.45808463
1259,2023-07-02T00:00:00.000,1443430.45808463
1260,2023-06-03T00:00:00.000,1443583.45808463
1261,2023-07-12T00:00:00.000,1445326.45808463
1262,2023-07-01T00:00:00.000,1445964.45808463
1263,2023-06-05T00:00:00.000,1446909.45808463
1264,2023-06-10T00:00:00.000,1448365.45808463
1265,2023-06-02T00:00:00.000,1449328.45808463
1266,2023-05-31T00:00:00.000,1449817.45808463
1267,2023-06-30T00:00:00.000,1449942.45808463
1268,2023-06-06T00:00:00.000,1450193.45808463
1269,2023-06-11T00:00:00.000,1450423.45808463
1270,2023-06-09T00:00:00.000,1450518.45808463
1271,2023-06-07T00:00:00.000,1450546.45808463
1272,2023-06-08T00:00:00.000,1451053.45808463
1273,2023-06-12T00:00:00.000,1451520.45808463
1274,2023-06-01T00:00:00.000,1451953.45808463
1275,2023-06-24T00:00:00.000,1452223.45808463
1276,2023-06-19T00:00:00.000,1452457.45808463
1277,2023-07-13T00:00:00.000,1452614.45808463
1278,2023-06-25T00:00:00.000,1452691.45808463
1279,2023-06-14T00:00:00.000,1453011.45808463
1280,2023-06-20T00:00:00.000,1453084.45808463
1281,2023-06-23T00:00:00.000,1453799.45808463
1282,2023-06-13T00:00:00.000,1454103.45808463
1283,2023-06-18T00:00:00.000,1454204.45808463
1284,2023-06-22T00:00:00.000,1454558.45808463
1285,2023-06-29T00:00:00.000,1454614.45808463
1286,2023-07-14T00:00:00.000,1454911.45808463
1287,2023-06-21T00:00:00.000,1455000.45808463
1288,2023-06-17T00:00:00.000,1455172.45808463
1289,2023-07-16T00:00:00.000,1456686.45808463
1290,2023-05-03T00:00:00.000,1456800.45808463
1291,2023-06-15T00:00:00.000,1456927.45808463
1292,2023-07-15T00:00:00.000,1457473.45808463
1293,2023-06-16T00:00:00.000,1458132.45808463
1294,2023-06-28T00:00:00.000,1459389.45808463
1295,2023-07-17T00:00:00.000,1459425.45808463
1296,2023-06-26T00:00:00.000,1460620.45808463
1297,2023-06-27T00:00:00.000,1460854.45808463
1298,2023-05-28T00:00:00.000,1463779.45808463
1299,2023-05-27T00:00:00.000,1469932.45808463
1300,2023-07-18T00:00:00.000,1471980.45808463
1301,2023-05-04T00:00:00.000,1472831.45808463
1302,2023-05-29T00:00:00.000,1473212.45808463
1303,2023-05-30T00:00:00.000,1480217.45808463
1304,2023-05-05T00:00:00.000,1494832.45808463
1305,2023-05-26T00:00:00.000,1500867.45808463
1306,2023-07-19T00:00:00.000,1502127.45808463
1307,2023-05-06T00:00:00.000,1508560.45808463
1308,2023-05-07T00:00:00.000,1517697.45808463
1309,2023-07-20T00:00:00.000,1526800.45808463
1310,2023-05-08T00:00:00.000,1530352.45808463
1311,2023-05-09T00:00:00.000,1531187.45808463
1312,2023-05-10T00:00:00.000,1537491.45808463
1313,2023-05-25T00:00:00.000,1538449.45808463
1314,2023-07-21T00:00:00.000,1540371.45808463
1315,2023-05-11T00:00:00.000,1543062.45808463
1316,2023-05-24T00:00:00.000,1545598.45808463
1317,2023-07-22T00:00:00.000,1547631.45808463
1318,2023-05-12T00:00:00.000,1548153.45808463
1319,2023-05-13T00:00:00.000,1549569.45808463
1320,2023-05-14T00:00:00.000,1550192.45808463
1321,2023-05-15T00:00:00.000,1555381.45808463
1322,2023-07-23T00:00:00.000,1557840.45808463
1323,2023-05-16T00:00:00.000,1562881.45808463
1324,2023-05-23T00:00:00.000,1562951.45808463
1325,2023-05-21T00:00:00.000,1564394.45808463
1326,2023-05-20T00:00:00.000,1566706.45808463
1327,2023-05-22T00:00:00.000,1568892.45808463
1328,2023-05-19T00:00:00.000,1569237.45808463
1329,2023-05-17T00:00:00.000,1569675.45808463
1330,2023-05-18T00:00:00.000,1570764.45808463
1331,2023-07-24T00:00:00.000,1572021.45808463
1332,2023-07-25T00:00:00.000,1582979.45808463
1333,2023-07-26T00:00:00.000,1595380.45808463
1334,2023-07-27T00:00:00.000,1607610.45808463
1335,2023-07-28T00:00:00.000,1619302.45808463
1336,2023-07-29T00:00:00.000,1624679.45808463
1337,2023-07-30T00:00:00.000,1629017.45808463
1338,2023-07-31T00:00:00.000,1640993.45808463
1339,2023-08-01T00:00:00.000,1653688.45808463
1340,2023-08-02T00:00:00.000,1661461.45808463
1341,2023-08-23T00:00:00.000,1664726.45808463
1342,2023-08-24T00:00:00.000,1666720.45808463
1343,2023-08-25T00:00:00.000,1668844.45808463
1344,2023-08-22T00:00:00.000,1669685.45808463
1345,2023-08-26T00:00:00.000,1671461.45808463
1346,2023-08-27T00:00:00.000,1673291.45808463
1347,2023-08-21T00:00:00.000,1673638.45808463
1348,2023-08-31T00:00:00.000,1676832.45808463
1349,2023-08-28T00:00:00.000,1679342.45808463
1350,2023-09-01T00:00:00.000,1682706.45808463
1351,2023-08-20T00:00:00.000,1682928.45808463
1352,2023-08-29T00:00:00.000,1685086.45808463
1353,2023-08-03T00:00:00.000,1686034.45808463
1354,2023-08-30T00:00:00.000,1687022.45808463
1355,2023-08-19T00:00:00.000,1687576.45808463
1356,2023-09-05T00:00:00.000,1688400.45808463
1357,2023-08-18T00:00:00.000,1688924.45808463
1358,2023-09-02T00:00:00.000,1689349.45808463
1359,2023-09-07T00:00:00.000,1691074.45808463
1360,2023-09-04T00:00:00.000,1691569.45808463
1361,2023-09-03T00:00:00.000,1692195.45808463
1362,2023-09-06T00:00:00.000,1692485.45808463
1363,2023-08-17T00:00:00.000,1694163.45808463
1364,2023-08-04T00:00:00.000,1696195.45808463
1365,2023-09-08T00:00:00.000,1699150.45808463
1366,2023-09-09T00:00:00.000,1702552.45808463
1367,2023-08-05T00:00:00.000,1702702.45808463
1368,2023-08-06T00:00:00.000,1707568.45808463
1369,2023-09-10T00:00:00.000,1708190.45808463
1370,2023-08-16T00:00:00.000,1710531.45808463
1371,2023-08-07T00:00:00.000,1712830.45808463
1372,2023-08-08T00:00:00.000,1728697.45808463
1373,2023-08-09T00:00:00.000,1730015.45808463
1374,2023-08-15T00:00:00.000,1734233.45808463
1375,2023-09-11T00:00:00.000,1735185.45808463
1376,2023-08-10T00:00:00.000,1735473.45808463
1377,2023-08-11T00:00:00.000,1739052.45808463
1378,2023-08-12T00:00:00.000,1744063.45808463
1379,2023-08-13T00:00:00.000,1748484.45808463
1380,2023-08-14T00:00:00.000,1749098.45808463
1381,2023-09-12T00:00:00.000,1783595.45808463
1382,2023-09-13T00:00:00.000,1804699.45808463
1383,2023-09-14T00:00:00.000,1815412.45808463
1384,2024-01-10T00:00:00.000,1821658.45808463
1385,2024-01-11T00:00:00.000,1822148.45808463
1386,2024-01-09T00:00:00.000,1823258.45808463
1387,2024-01-12T00:00:00.000,1823423.45808463
1388,2024-01-08T00:00:00.000,1823725.45808463
1389,2024-01-13T00:00:00.000,1826384.45808463
1390,2023-09-15T00:00:00.000,1826400.45808463
1391,2024-01-05T00:00:00.000,1827373.45808463
1392,2024-01-07T00:00:00.000,1828910.45808463
1393,2024-01-06T00:00:00.000,1829381.45808463
1394,2024-01-15T00:00:00.000,1829770.45808463
1395,2024-01-14T00:00:00.000,1831472.45808463
1396,2024-01-04T00:00:00.000,1832824.45808463
1397,2024-01-16T00:00:00.000,1833389.45808463
1398,2023-09-16T00:00:00.000,1836189.45808463
1399,2023-09-17T00:00:00.000,1839072.45808463
1400,2024-01-17T00:00:00.000,1840155.45808463
1401,2024-01-03T00:00:00.000,1846937.45808463
1402,2023-09-18T00:00:00.000,1848642.45808463
1403,2024-01-18T00:00:00.000,1854403.45808463
1404,2023-09-19T00:00:00.000,1857240.45808463
1405,2023-09-20T00:00:00.000,1866173.45808463
1406,2023-09-21T00:00:00.000,1867601.45808463
1407,2023-09-22T00:00:00.000,1868531.45808463
1408,2023-10-10T00:00:00.000,1869845.45808463
1409,2023-09-23T00:00:00.000,1870688.45808463
1410,2024-01-19T00:00:00.000,1872670.45808463
1411,2023-10-11T00:00:00.000,1873153.45808463
1412,2023-09-24T00:00:00.000,1873207.45808463
1413,2023-10-12T00:00:00.000,1874832.45808463
1414,2023-10-14T00:00:00.000,1875222.45808463
1415,2023-10-13T00:00:00.000,1875976.45808463
1416,2023-09-25T00:00:00.000,1876777.45808463
1417,2023-10-15T00:00:00.000,1878076.45808463
1418,2024-01-02T00:00:00.000,1879699.45808463
1419,2023-09-26T00:00:00.000,1883072.45808463
1420,2024-01-20T00:00:00.000,1883507.45808463
1421,2023-10-01T00:00:00.000,1883603.45808463
1422,2023-09-30T00:00:00.000,1885089.45808463
1423,2023-10-02T00:00:00.000,1886431.45808463
1424,2023-10-16T00:00:00.000,1887138.45808463
1425,2023-09-29T00:00:00.000,1888026.45808463
1426,2023-10-03T00:00:00.000,1889029.45808463
1427,2023-09-27T00:00:00.000,1892922.45808463
1428,2023-10-04T00:00:00.000,1893190.45808463
1429,2023-09-28T00:00:00.000,1893352.45808463
1430,2023-10-17T00:00:00.000,1893366.45808463
1431,2023-10-09T00:00:00.000,1895594.45808463
1432,2023-10-18T00:00:00.000,1898920.45808463
1433,2024-01-21T00:00:00.000,1899750.45808463
1434,2023-10-19T00:00:00.000,1900395.45808463
1435,2023-10-21T00:00:00.000,1900975.45808463
1436,2023-10-22T00:00:00.000,1901657.45808463
1437,2023-10-05T00:00:00.000,1901692.45808463
1438,2023-10-20T00:00:00.000,1902004.45808463
1439,2023-10-06T00:00:00.000,1902765.45808463
1440,2024-01-01T00:00:00.000,1904077.45808463
1441,2023-10-07T00:00:00.000,1904499.45808463
1442,2023-10-23T00:00:00.000,1904876.45808463
1443,2023-10-25T00:00:00.000,1905712.45808463
1444,2023-10-24T00:00:00.000,1906077.45808463
1445,2023-10-08T00:00:00.000,1906133.45808463
1446,2023-10-26T00:00:00.000,1909691.45808463
1447,2023-10-27T00:00:00.000,1917738.45808463
1448,2023-10-28T00:00:00.000,1920161.45808463
1449,2023-10-29T00:00:00.000,1924615.45808463
1450,2023-10-30T00:00:00.000,1932169.45808463
1451,2023-10-31T00:00:00.000,1939975.45808463
1452,2023-11-01T00:00:00.000,1942136.45808463
1453,2024-01-22T00:00:00.000,1949246.45808463
1454,2023-11-02T00:00:00.000,1950699.45808463
1455,2023-12-31T00:00:00.000,1956065.45808463
1456,2023-11-03T00:00:00.000,1960109.45808463
1457,2023-11-05T00:00:00.000,1962897.45808463
1458,2023-11-04T00:00:00.000,1963004.45808463
1459,2023-11-06T00:00:00.000,1969538.45808463
1460,2023-11-08T00:00:00.000,1970323.45808463
1461,2023-11-07T00:00:00.000,1974287.45808463
1462,2023-11-09T00:00:00.000,1978479.45808463
1463,2023-11-12T00:00:00.000,1980146.45808463
1464,2023-11-13T00:00:00.000,1980694.45808463
1465,2023-11-11T00:00:00.000,1981421.45808463
1466,2023-11-14T00:00:00.000,1981667.45808463
1467,2023-11-10T00:00:00.000,1982560.45808463
1468,2023-11-15T00:00:00.000,1986205.45808463
1469,2024-01-23T00:00:00.000,1988458.45808463
1470,2023-11-16T00:00:00.000,1991849.45808463
1471,2023-11-17T00:00:00.000,1996334.45808463
1472,2023-12-30T00:00:00.000,1999740.45808463
1473,2023-11-18T00:00:00.000,2001395.45808463
1474,2023-11-19T00:00:00.000,2012661.45808463
1475,2023-11-20T00:00:00.000,2021242.45808463
1476,2024-01-24T00:00:00.000,2021478.45808463
1477,2023-11-21T00:00:00.000,2027182.45808463
1478,2023-11-22T00:00:00.000,2050422.45808463
1479,2024-01-25T00:00:00.000,2052811.45808463
1480,2023-12-29T00:00:00.000,2056876.45808463
1481,2024-01-26T00:00:00.000,2081162.45808463
1482,2024-01-27T00:00:00.000,2091611.45808463
1483,2023-11-23T00:00:00.000,2097581.4580846303
1484,2024-01-28T00:00:00.000,2105275.4580846303
1485,2023-11-24T00:00:00.000,2113134.4580846303
1486,2023-11-25T00:00:00.000,2126501.4580846303
1487,2023-11-26T00:00:00.000,2137974.4580846303
1488,2023-11-27T00:00:00.000,2158926.4580846303
1489,2024-01-29T00:00:00.000,2162132.4580846303
1490,2023-11-28T00:00:00.000,2170858.4580846303
1491,2023-12-28T00:00:00.000,2177256.4580846303
1492,2023-11-29T00:00:00.000,2178510.4580846303
1493,2023-11-30T00:00:00.000,2191575.4580846303
1494,2024-01-30T00:00:00.000,2194500.4580846303
1495,2023-12-27T00:00:00.000,2210886.4580846303
1496,2024-01-31T00:00:00.000,2218302.4580846303
1497,2024-02-01T00:00:00.000,2239794.4580846303
1498,2023-12-26T00:00:00.000,2241271.4580846303
1499,2024-02-02T00:00:00.000,2257140.4580846303
1500,2024-02-03T00:00:00.000,2268730.4580846303
1501,2023-12-25T00:00:00.000,2280817.4580846303
1502,2024-02-04T00:00:00.000,2282704.4580846303
1503,2023-12-01T00:00:00.000,2305432.4580846303
1504,2024-02-05T00:00:00.000,2306304.4580846303
1505,2024-02-06T00:00:00.000,2322860.4580846303
1506,2023-12-24T00:00:00.000,2333220.4580846303
1507,2024-02-07T00:00:00.000,2335684.4580846303
1508,2024-02-08T00:00:00.000,2342555.4580846303
1509,2024-02-09T00:00:00.000,2349951.4580846303
1510,2023-12-23T00:00:00.000,2354161.4580846303
1511,2024-02-10T00:00:00.000,2357343.4580846303
1512,2023-12-02T00:00:00.000,2360178.4580846303
1513,2024-02-11T00:00:00.000,2363526.4580846303
1514,2024-02-12T00:00:00.000,2369659.4580846303
1515,2023-12-22T00:00:00.000,2372435.4580846303
1516,2024-02-13T00:00:00.000,2377729.4580846303
1517,2024-02-14T00:00:00.000,2383484.4580846303
1518,2024-02-15T00:00:00.000,2389086.4580846303
1519,2023-12-03T00:00:00.000,2395272.4580846303
1520,2024-02-16T00:00:00.000,2398480.4580846303
1521,2023-12-21T00:00:00.000,2401216.4580846303
1522,2023-12-04T00:00:00.000,2403196.4580846303
1523,2024-02-17T00:00:00.000,2405790.4580846303
1524,2023-12-05T00:00:00.000,2412247.4580846303
1525,2024-02-18T00:00:00.000,2415550.4580846303
1526,2024-02-19T00:00:00.000,2428792.4580846303
1527,2023-12-06T00:00:00.000,2436585.4580846303
1528,2023-12-07T00:00:00.000,2442615.4580846303
1529,2024-02-20T00:00:00.000,2443985.4580846303
1530,2023-12-08T00:00:00.000,2446148.4580846303
1531,2023-12-20T00:00:00.000,2448982.4580846303
1532,2023-12-09T00:00:00.000,2450631.4580846303
1533,2023-12-10T00:00:00.000,2455617.4580846303
1534,2023-12-11T00:00:00.000,2460782.4580846303
1535,2024-02-21T00:00:00.000,2460808.4580846303
1536,2023-12-19T00:00:00.000,2465174.4580846303
1537,2023-12-18T00:00:00.000,2468600.4580846303
1538,2023-12-12T00:00:00.000,2471077.4580846303
1539,2023-12-17T00:00:00.000,2472575.4580846303
1540,2024-02-22T00:00:00.000,2474327.4580846303
1541,2023-12-13T00:00:00.000,2475895.4580846303
1542,2023-12-14T00:00:00.000,2479636.4580846303
1543,2023-12-16T00:00:00.000,2481203.4580846303
1544,2023-12-15T00:00:00.000,2481323.4580846303
1545,2024-02-23T00:00:00.000,2487862.4580846303
1546,2024-02-24T00:00:00.000,2504204.4580846303
1547,2024-02-25T00:00:00.000,2516838.4580846303
1548,2024-02-26T00:00:00.000,2529638.4580846303
1549,2024-02-27T00:00:00.000,2545756.4580846303
1550,2024-02-28T00:00:00.000,2560085.4580846303
1551,2024-03-03T00:00:00.000,2562280.4580846303
1552,2024-02-29T00:00:00.000,2563513.4580846303
1553,2024-03-02T00:00:00.000,2565584.4580846303
1554,2024-03-04T00:00:00.000,2565610.4580846303
1555,2024-03-01T00:00:00.000,2567754.4580846303
1556,2024-03-05T00:00:00.000,2568470.4580846303
1557,2024-03-06T00:00:00.000,2577700.4580846303
1558,2024-03-07T00:00:00.000,2591000.4580846303
1559,2024-03-08T00:00:00.000,2602536.4580846303
1560,2024-03-09T00:00:00.000,2609616.4580846303
1561,2024-03-10T00:00:00.000,2612948.4580846303
1562,2024-03-11T00:00:00.000,2632422.4580846303
1563,2024-03-12T00:00:00.000,2645076.4580846303
1564,2024-04-20T00:00:00.000,2656234.4580846303
1565,2024-04-21T00:00:00.000,2656610.4580846303
1566,2024-04-14T00:00:00.000,2657846.4580846303
1567,2024-04-19T00:00:00.000,2658399.4580846303
1568,2024-04-15T00:00:00.000,2659055.4580846303
1569,2024-03-13T00:00:00.000,2659065.4580846303
1570,2024-04-12T00:00:00.000,2660045.4580846303
1571,2024-03-27T00:00:00.000,2660596.4580846303
1572,2024-04-01T00:00:00.000,2661802.4580846303
1573,2024-04-13T00:00:00.000,2662626.4580846303
1574,2024-04-11T00:00:00.000,2662729.4580846303
1575,2024-04-18T00:00:00.000,2662848.4580846303
1576,2024-04-10T00:00:00.000,2663134.4580846303
1577,2024-03-26T00:00:00.000,2664409.4580846303
1578,2024-03-29T00:00:00.000,2664630.4580846303
1579,2024-04-16T00:00:00.000,2665003.4580846303
1580,2024-03-28T00:00:00.000,2666441.4580846303
1581,2024-04-04T00:00:00.000,2666500.4580846303
1582,2024-04-17T00:00:00.000,2666720.4580846303
1583,2024-04-02T00:00:00.000,2667761.4580846303
1584,2024-04-05T00:00:00.000,2667913.4580846303
1585,2024-04-09T00:00:00.000,2668338.4580846303
1586,2024-04-06T00:00:00.000,2668682.4580846303
1587,2024-04-03T00:00:00.000,2668730.4580846303
1588,2024-03-31T00:00:00.000,2669402.4580846303
1589,2024-03-30T00:00:00.000,2669721.4580846303
1590,2024-04-22T00:00:00.000,2670764.4580846303
1591,2024-04-08T00:00:00.000,2673233.4580846303
1592,2024-04-07T00:00:00.000,2673346.4580846303
1593,2024-03-14T00:00:00.000,2673466.4580846303
1594,2024-03-25T00:00:00.000,2676733.4580846303
1595,2024-03-15T00:00:00.000,2680719.4580846303
1596,2024-03-24T00:00:00.000,2683316.4580846303
1597,2024-03-16T00:00:00.000,2683509.4580846303
1598,2024-04-23T00:00:00.000,2683639.4580846303
1599,2024-03-17T00:00:00.000,2684171.4580846303
1600,2024-03-18T00:00:00.000,2687213.4580846303
1601,2024-03-20T00:00:00.000,2687990.4580846303
1602,2024-03-19T00:00:00.000,2689089.4580846303
1603,2024-03-23T00:00:00.000,2689177.4580846303
1604,2024-03-21T00:00:00.000,2692468.4580846303
1605,2024-03-22T00:00:00.000,2694788.4580846303
1606,2024-04-24T00:00:00.000,2694913.4580846303
1607,2024-05-01T00:00:00.000,2697574.4580846303
1608,2024-04-25T00:00:00.000,2701438.4580846303
1609,2024-05-02T00:00:00.000,2702289.4580846303
1610,2024-05-03T00:00:00.000,2704237.4580846303
1611,2024-05-05T00:00:00.000,2706811.4580846303
1612,2024-05-04T00:00:00.000,2707569.4580846303
1613,2024-04-27T00:00:00.000,2708599.4580846303
1614,2024-04-26T00:00:00.000,2711396.4580846303
1615,2024-04-28T00:00:00.000,2711918.4580846303
1616,2024-05-06T00:00:00.000,2712423.4580846303
1617,2024-04-30T00:00:00.000,2718485.4580846303
1618,2024-04-29T00:00:00.000,2723008.4580846303
1619,2024-05-07T00:00:00.000,2728410.4580846303
1620,2024-05-09T00:00:00.000,2738773.4580846303
1621,2024-05-08T00:00:00.000,2738853.4580846303
1622,2024-05-10T00:00:00.000,2742271.4580846303
1623,2024-05-11T00:00:00.000,2746188.4580846303
1624,2024-05-12T00:00:00.000,2749646.4580846303
1625,2024-05-13T00:00:00.000,2752942.4580846303
1626,2024-05-14T00:00:00.000,2757676.4580846303
1627,2024-07-07T00:00:00.000,2760750.4580846303
1628,2024-07-09T00:00:00.000,2762124.4580846303
1629,2024-07-10T00:00:00.000,2762284.4580846303
1630,2024-07-08T00:00:00.000,2763595.4580846303
1631,2024-05-15T00:00:00.000,2764646.4580846303
1632,2024-07-12T00:00:00.000,2764708.4580846303
1633,2024-07-13T00:00:00.000,2765244.4580846303
1634,2024-07-11T00:00:00.000,2765275.4580846303
1635,2024-07-06T00:00:00.000,2767688.4580846303
1636,2024-07-14T00:00:00.000,2768992.4580846303
1637,2024-05-16T00:00:00.000,2771221.4580846303
1638,2024-07-15T00:00:00.000,2772887.4580846303
1639,2024-07-05T00:00:00.000,2774551.4580846303
1640,2024-07-16T00:00:00.000,2778615.4580846303
1641,2024-05-17T00:00:00.000,2779512.4580846303
1642,2024-05-20T00:00:00.000,2780522.4580846303
1643,2024-05-18T00:00:00.000,2785693.4580846303
1644,2024-05-19T00:00:00.000,2788164.4580846303
1645,2024-05-21T00:00:00.000,2789045.4580846303
1646,2024-07-20T00:00:00.000,2789412.4580846303
1647,2024-07-19T00:00:00.000,2790079.4580846303
1648,2024-07-17T00:00:00.000,2790903.4580846303
1649,2024-07-18T00:00:00.000,2791766.4580846303
1650,2024-07-04T00:00:00.000,2792904.4580846303
1651,2024-07-21T00:00:00.000,2796072.4580846303
1652,2024-05-22T00:00:00.000,2797188.4580846303
1653,2024-07-03T00:00:00.000,2801489.4580846303
1654,2024-07-22T00:00:00.000,2803925.4580846303
1655,2024-07-02T00:00:00.000,2805753.4580846303
1656,2024-05-23T00:00:00.000,2806564.4580846303
1657,2024-07-01T00:00:00.000,2810954.4580846303
1658,2024-07-23T00:00:00.000,2812228.4580846303
1659,2024-05-24T00:00:00.000,2813295.4580846303
1660,2024-07-24T00:00:00.000,2816619.4580846303
1661,2024-06-30T00:00:00.000,2819764.4580846303
1662,2024-05-25T00:00:00.000,2821062.4580846303
1663,2024-05-26T00:00:00.000,2822618.4580846303
1664,2024-07-25T00:00:00.000,2823600.4580846303
1665,2024-06-29T00:00:00.000,2826988.4580846303
1666,2024-07-26T00:00:00.000,2827680.4580846303
1667,2024-06-28T00:00:00.000,2829256.4580846303
1668,2024-07-27T00:00:00.000,2830936.4580846303
1669,2024-05-27T00:00:00.000,2831613.4580846303
1670,2024-07-28T00:00:00.000,2835265.4580846303
1671,2024-06-27T00:00:00.000,2842818.4580846303
1672,2024-07-29T00:00:00.000,2845093.4580846303
1673,2024-07-31T00:00:00.000,2849021.4580846303
1674,2024-07-30T00:00:00.000,2849685.4580846303
1675,2024-06-26T00:00:00.000,2851165.4580846303
1676,2024-08-01T00:00:00.000,2857061.4580846303
1677,2024-05-28T00:00:00.000,2861084.4580846303
1678,2024-08-02T00:00:00.000,2863271.4580846303
1679,2024-08-03T00:00:00.000,2868309.4580846303
1680,2024-06-25T00:00:00.000,2868847.4580846303
1681,2024-08-05T00:00:00.000,2874085.4580846303
1682,2024-08-04T00:00:00.000,2874189.4580846303
1683,2024-08-06T00:00:00.000,2883500.4580846303
1684,2024-08-07T00:00:00.000,2886242.4580846303
1685,2024-06-24T00:00:00.000,2889391.4580846303
1686,2024-06-23T00:00:00.000,2891492.4580846303
1687,2024-08-08T00:00:00.000,2895231.4580846303
1688,2024-06-22T00:00:00.000,2898826.4580846303
1689,2024-08-09T00:00:00.000,2902457.4580846303
1690,2024-08-10T00:00:00.000,2904345.4580846303
1691,2024-05-29T00:00:00.000,2906854.4580846303
1692,2024-06-21T00:00:00.000,2907844.4580846303
1693,2024-08-11T00:00:00.000,2908943.4580846303
1694,2024-05-30T00:00:00.000,2918721.4580846303
1695,2024-06-20T00:00:00.000,2919709.4580846303
1696,2024-08-12T00:00:00.000,2923536.4580846303
1697,2024-06-01T00:00:00.000,2931325.4580846303
1698,2024-06-02T00:00:00.000,2932224.4580846303
1699,2024-05-31T00:00:00.000,2932365.4580846303
1700,2024-06-19T00:00:00.000,2932764.4580846303
1701,2024-08-15T00:00:00.000,2936358.4580846303
1702,2024-08-13T00:00:00.000,2937804.4580846303
1703,2024-08-14T00:00:00.000,2941680.4580846303
1704,2024-08-16T00:00:00.000,2943275.4580846303
1705,2024-06-03T00:00:00.000,2945858.4580846303
1706,2024-08-20T00:00:00.000,2948898.4580846303
1707,2024-08-21T00:00:00.000,2949128.4580846303
1708,2024-08-19T00:00:00.000,2951404.4580846303
1709,2024-08-17T00:00:00.000,2953103.4580846303
1710,2024-08-22T00:00:00.000,2953276.4580846303
1711,2024-08-18T00:00:00.000,2953380.4580846303
1712,2024-06-04T00:00:00.000,2953622.4580846303
1713,2024-06-18T00:00:00.000,2956851.4580846303
1714,2024-08-23T00:00:00.000,2959307.4580846303
1715,2024-08-24T00:00:00.000,2963441.4580846303
1716,2024-06-05T00:00:00.000,2964379.4580846303
1717,2024-08-25T00:00:00.000,2966377.4580846303
1718,2024-08-26T00:00:00.000,2969560.4580846303
1719,2024-06-17T00:00:00.000,2969962.4580846303
1720,2024-06-16T00:00:00.000,2970415.4580846303
1721,2024-06-06T00:00:00.000,2974371.4580846303
1722,2024-08-27T00:00:00.000,2977875.4580846303
1723,2024-06-15T00:00:00.000,2980781.4580846303
1724,2024-08-28T00:00:00.000,2986395.4580846303
1725,2024-06-14T00:00:00.000,2987154.4580846303
1726,2024-06-08T00:00:00.000,2987765.4580846303
1727,2024-06-07T00:00:00.000,2988901.4580846303
1728,2024-06-13T00:00:00.000,2989592.4580846303
1729,2024-06-12T00:00:00.000,2990483.4580846303
1730,2024-06-09T00:00:00.000,2990549.4580846303
1731,2024-08-29T00:00:00.000,2991538.4580846303
1732,2024-06-11T00:00:00.000,2992539.4580846303
1733,2024-06-10T00:00:00.000,2993232.4580846303
1734,2024-08-30T00:00:00.000,2996374.4580846303
1735,2024-08-31T00:00:00.000,2997967.4580846303
1736,2024-09-01T00:00:00.000,2998142.4580846303
1737,2024-09-02T00:00:00.000,2999305.4580846303
1738,2024-09-03T00:00:00.000,3003209.4580846303
1739,2024-09-05T00:00:00.000,3013029.4580846303
1740,2024-09-04T00:00:00.000,3013600.4580846303
1741,2024-09-06T00:00:00.000,3028756.4580846303
1742,2024-09-07T00:00:00.000,3043915.4580846303
1743,2024-09-08T00:00:00.000,3059651.4580846303
1744,2024-09-09T00:00:00.000,3081471.4580846303
1745,2024-09-10T00:00:00.000,3100084.4580846303
1746,2024-09-11T00:00:00.000,3121856.4580846303
1747,2024-09-12T00:00:00.000,3166123.4580846303
1748,2024-09-13T00:00:00.000,3199033.4580846303
1749,2024-09-14T00:00:00.000,3214002.4580846303
1750,2024-09-15T00:00:00.000,3228932.4580846303
1751,2024-09-16T00:00:00.000,3249390.4580846303
1752,2024-09-17T00:00:00.000,3270814.4580846303
1753,2024-09-18T00:00:00.000,3294919.4580846303
1754,2024-09-19T00:00:00.000,3320567.4580846303
1755,2024-09-20T00:00:00.000,3341246.4580846303
1756,2024-09-21T00:00:00.000,3357234.4580846303
1757,2024-09-22T00:00:00.000,3369090.4580846303
1758,2024-09-23T00:00:00.000,3386998.4580846303
1759,2024-09-24T00:00:00.000,3408262.4580846303
1760,2024-09-25T00:00:00.000,3426540.4580846303
1761,2024-09-26T00:00:00.000,3451118.4580846303
1762,2024-09-27T00:00:00.000,3482369.4580846303
1763,2024-09-28T00:00:00.000,3496212.4580846303
1764,2024-09-29T00:00:00.000,3508762.4580846303
1765,2024-09-30T00:00:00.000,3533222.4580846303
1766,2024-10-01T00:00:00.000,3548988.4580846303
1767,2024-10-02T00:00:00.000,3558108.4580846303
1768,2024-10-03T00:00:00.000,3568996.4580846303
1769,2024-10-04T00:00:00.000,3576990.4580846303
1770,2024-10-12T00:00:00.000,3582025.4580846303
1771,2024-10-13T00:00:00.000,3583047.4580846303
1772,2024-10-05T00:00:00.000,3583157.4580846303
1773,2024-10-11T00:00:00.000,3586336.4580846303
1774,2024-10-06T00:00:00.000,3588989.4580846303
1775,2024-10-07T00:00:00.000,3589873.4580846303
1776,2024-10-14T00:00:00.000,3591944.4580846303
1777,2024-10-08T00:00:00.000,3596387.4580846303
1778,2024-10-10T00:00:00.000,3601686.4580846303
1779,2024-10-09T00:00:00.000,3604114.4580846303
1780,2024-10-15T00:00:00.000,3616557.4580846303
1781,2024-10-19T00:00:00.000,3628308.4580846303
1782,2024-10-17T00:00:00.000,3628705.4580846303
1783,2024-10-16T00:00:00.000,3631029.4580846303
1784,2024-10-18T00:00:00.000,3632088.4580846303
1785,2024-10-20T00:00:00.000,3633579.4580846303
1786,2024-10-21T00:00:00.000,3642726.4580846303
1787,2024-10-22T00:00:00.000,3646286.4580846303
1788,2024-10-23T00:00:00.000,3652782.4580846303
1789,2024-10-24T00:00:00.000,3659812.4580846303
1790,2024-10-25T00:00:00.000,3659883.4580846303
1791,2024-10-26T00:00:00.000,3668474.4580846303
1792,2024-10-27T00:00:00.000,3678283.4580846303
1793,2024-10-28T00:00:00.000,3690091.4580846303
1794,2025-01-12T00:00:00.000,3696577.4580846303
1795,2025-01-11T00:00:00.000,3703873.4580846303
1796,2024-10-29T00:00:00.000,3704226.4580846303
1797,2025-01-09T00:00:00.000,3704459.4580846303
1798,2025-01-10T00:00:00.000,3704960.4580846303
1799,2025-01-08T00:00:00.000,3707886.4580846303
1800,2024-11-01T00:00:00.000,3707938.4580846303
1801,2024-11-03T00:00:00.000,3710440.4580846303
1802,2024-11-02T00:00:00.000,3711808.4580846303
1803,2025-01-07T00:00:00.000,3719565.4580846303
1804,2024-10-30T00:00:00.000,3720136.4580846303
1805,2024-10-31T00:00:00.000,3720682.4580846303
1806,2025-01-13T00:00:00.000,3725259.4580846303
1807,2025-01-15T00:00:00.000,3734481.4580846303
1808,2025-01-06T00:00:00.000,3736175.4580846303
1809,2024-11-04T00:00:00.000,3737047.4580846303
1810,2025-01-14T00:00:00.000,3739465.4580846303
1811,2025-01-16T00:00:00.000,3743549.4580846303
1812,2025-01-18T00:00:00.000,3751854.4580846303
1813,2025-01-17T00:00:00.000,3752320.4580846303
1814,2025-01-19T00:00:00.000,3759370.4580846303
1815,2025-01-05T00:00:00.000,3771515.4580846303
1816,2025-01-20T00:00:00.000,3785027.4580846303
1817,2024-11-05T00:00:00.000,3786607.4580846303
1818,2025-01-03T00:00:00.000,3788599.4580846303
1819,2025-01-04T00:00:00.000,3790879.4580846303
1820,2025-01-02T00:00:00.000,3803481.4580846303
1821,2024-11-06T00:00:00.000,3813681.4580846303
1822,2024-11-07T00:00:00.000,3826173.4580846303
1823,2024-11-08T00:00:00.000,3840468.4580846303
1824,2024-11-24T00:00:00.000,3844223.4580846303
1825,2024-11-23T00:00:00.000,3845619.4580846303
1826,2024-11-22T00:00:00.000,3846544.4580846303
1827,2024-11-21T00:00:00.000,3847783.4580846303
1828,2024-11-20T00:00:00.000,3848733.4580846303
1829,2024-11-09T00:00:00.000,3849559.4580846303
1830,2024-11-15T00:00:00.000,3850127.4580846303
1831,2025-01-21T00:00:00.000,3851581.4580846303
1832,2024-11-25T00:00:00.000,3851722.4580846303
1833,2025-01-01T00:00:00.000,3852854.4580846303
1834,2024-11-16T00:00:00.000,3854799.4580846303
1835,2024-11-17T00:00:00.000,3855046.4580846303
1836,2024-11-13T00:00:00.000,3855927.4580846303
1837,2024-11-19T00:00:00.000,3856591.4580846303
1838,2024-11-10T00:00:00.000,3856857.4580846303
1839,2024-11-18T00:00:00.000,3858143.4580846303
1840,2024-11-12T00:00:00.000,3858270.4580846303
1841,2024-11-14T00:00:00.000,3858363.4580846303
1842,2024-11-11T00:00:00.000,3862718.4580846303
1843,2024-11-26T00:00:00.000,3866302.4580846303
1844,2024-12-04T00:00:00.000,3894071.4580846303
1845,2024-11-27T00:00:00.000,3895778.4580846303
1846,2024-12-03T00:00:00.000,3896976.4580846303
1847,2024-11-28T00:00:00.000,3902774.4580846303
1848,2024-11-29T00:00:00.000,3909731.4580846303
1849,2024-11-30T00:00:00.000,3911023.4580846303
1850,2024-12-02T00:00:00.000,3914564.4580846303
1851,2024-12-01T00:00:00.000,3919028.4580846303
1852,2024-12-05T00:00:00.000,3920089.4580846303
1853,2024-12-06T00:00:00.000,3936510.4580846303
1854,2025-01-22T00:00:00.000,3946514.4580846303
1855,2024-12-31T00:00:00.000,3947367.4580846303
1856,2024-12-07T00:00:00.000,3948252.4580846303
1857,2024-12-08T00:00:00.000,3975278.4580846303
1858,2025-01-23T00:00:00.000,4013301.4580846303
1859,2024-12-09T00:00:00.000,4015930.4580846303
1860,2024-12-30T00:00:00.000,4025021.4580846303
1861,2024-12-10T00:00:00.000,4038196.4580846303
1862,2024-12-11T00:00:00.000,4061097.4580846303
1863,2025-01-24T00:00:00.000,4062174.4580846303
1864,2024-12-29T00:00:00.000,4062419.4580846303
1865,2024-12-27T00:00:00.000,4067165.4580846303
1866,2024-12-28T00:00:00.000,4068063.4580846303
1867,2024-12-26T00:00:00.000,4080904.4580846303
1868,2025-01-25T00:00:00.000,4084364.4580846303
1869,2024-12-12T00:00:00.000,4085929.4580846303
1870,2024-12-25T00:00:00.000,4104010.4580846303
1871,2024-12-13T00:00:00.000,4108011.4580846303
1872,2025-01-26T00:00:00.000,4113790.4580846303
1873,2024-12-14T00:00:00.000,4119351.4580846303
1874,2024-12-15T00:00:00.000,4139492.4580846303
1875,2024-12-16T00:00:00.000,4153375.4580846303
1876,2024-12-17T00:00:00.000,4173777.4580846303
1877,2025-01-27T00:00:00.000,4180723.4580846303
1878,2024-12-24T00:00:00.000,4189540.4580846303
1879,2024-12-18T00:00:00.000,4210796.45808463
1880,2024-12-19T00:00:00.000,4218133.45808463
1881,2024-12-20T00:00:00.000,4226824.45808463
1882,2024-12-23T00:00:00.000,4237174.45808463
1883,2024-12-21T00:00:00.000,4242175.45808463
1884,2024-12-22T00:00:00.000,4253183.45808463
1885,2025-01-28T00:00:00.000,4269376.45808463
1886,2025-01-29T00:00:00.000,4374839.45808463
1887,2025-01-30T00:00:00.000,4430967.45808463
1888,2025-01-31T00:00:00.000,4470949.45808463
1889,2025-02-01T00:00:00.000,4516858.45808463
1890,2025-02-02T00:00:00.000,4566261.45808463
1891,2025-02-03T00:00:00.000,4635511.45808463
1892,2025-02-04T00:00:00.000,4724423.45808463
1893,2025-02-05T00:00:00.000,4900584.45808463
1894,2025-02-06T00:00:00.000,5068860.45808463
1895,2025-02-07T00:00:00.000,5195782.45808463
1896,2025-02-08T00:00:00.000,5280656.45808463
1897,2025-02-09T00:00:00.000,5374026.45808463
1898,2025-02-10T00:00:00.000,5454268.45808463
1899,2025-02-11T00:00:00.000,5513322.45808463
1900,2025-02-12T00:00:00.000,5602206.45808463
1901,2025-02-13T00:00:00.000,5665759.45808463
1902,2025-02-14T00:00:00.000,5720378.45808463
1903,2025-02-15T00:00:00.000,5753377.45808463
1904,2025-02-16T00:00:00.000,5787412.45808463
1905,2025-02-17T00:00:00.000,5847268.45808463
1906,2025-02-18T00:00:00.000,5910449.45808463
1907,2025-04-15T00:00:00.000,5923076.45808463
1908,2025-04-14T00:00:00.000,5938088.45808463
1909,2025-04-13T00:00:00.000,5958403.45808463
1910,2025-02-19T00:00:00.000,5967379.45808463
1911,2025-04-12T00:00:00.000,5973601.45808463
1912,2025-04-11T00:00:00.000,5983996.45808463
1913,2025-04-10T00:00:00.000,5995753.45808463
1914,2025-04-09T00:00:00.000,6014459.45808463
1915,2025-02-20T00:00:00.000,6024002.45808463
1916,2025-04-08T00:00:00.000,6032708.45808463
1917,2025-04-07T00:00:00.000,6045777.45808463
1918,2025-04-06T00:00:00.000,6067169.45808463
1919,2025-02-21T00:00:00.000,6095311.45808463
1920,2025-04-05T00:00:00.000,6095447.45808463
1921,2025-04-04T00:00:00.000,6122244.45808463
1922,2025-02-22T00:00:00.000,6134975.45808463
1923,2025-02-23T00:00:00.000,6173848.45808463
1924,2025-04-03T00:00:00.000,6176442.45808463
1925,2025-02-24T00:00:00.000,6233837.45808463
1926,2025-04-02T00:00:00.000,6259249.45808463
1927,2025-04-01T00:00:00.000,6281699.45808463
1928,2025-03-10T00:00:00.000,6285986.45808463
1929,2025-03-12T00:00:00.000,6289856.45808463
1930,2025-03-09T00:00:00.000,6297109.45808463
1931,2025-03-31T00:00:00.000,6298455.45808463
1932,2025-03-11T00:00:00.000,6299053.45808463
1933,2025-02-25T00:00:00.000,6304185.45808463
1934,2025-03-13T00:00:00.000,6307143.45808463
1935,2025-03-30T00:00:00.000,6316246.45808463
1936,2025-03-14T00:00:00.000,6320454.45808463
1937,2025-03-08T00:00:00.000,6325484.45808463
1938,2025-03-07T00:00:00.000,6342500.45808463
1939,2025-03-29T00:00:00.000,6344845.45808463
1940,2025-03-15T00:00:00.000,6344885.45808463
1941,2025-03-28T00:00:00.000,6359591.45808463
1942,2025-03-16T00:00:00.000,6365540.45808463
1943,2025-03-06T00:00:00.000,6375410.45808463
1944,2025-03-27T00:00:00.000,6377165.45808463
1945,2025-02-26T00:00:00.000,6378663.45808463
1946,2025-03-17T00:00:00.000,6401152.45808463
1947,2025-03-26T00:00:00.000,6402711.45808463
1948,2025-03-05T00:00:00.000,6405530.45808463
1949,2025-03-23T00:00:00.000,6414754.45808463
1950,2025-03-25T00:00:00.000,6415530.45808463
1951,2025-03-18T00:00:00.000,6417762.45808463
1952,2025-03-22T00:00:00.000,6418015.45808463
1953,2025-03-24T00:00:00.000,6418546.45808463
1954,2025-03-21T00:00:00.000,6420102.45808463
1955,2025-03-19T00:00:00.000,6433597.45808463
1956,2025-03-20T00:00:00.000,6436969.45808463
1957,2025-02-27T00:00:00.000,6442662.45808463
1958,2025-03-01T00:00:00.000,6477895.45808463
1959,2025-03-02T00:00:00.000,6481754.45808463
1960,2025-02-28T00:00:00.000,6483148.45808463
1961,2025-03-04T00:00:00.000,6489564.45808463
1962,2025-03-03T00:00:00.000,6494196.45808463
